fishID,focal_standard_length.x,SOCA1size_index,tank.x,SOCA1length_of_vid,SOCA1number_of_entries_habituation,SOCA1number_of_entries_opporutnity,SOCA1number_of_entires_challenge,SOCA1number_digging,SOCA1number_activity_female_barrier,SOCA1number_activity_at_resident_barrier,SOCA1number_activity_at_neural_barrier,SOCA1number_reproductive_display,SOCA1number_lateral_display,SOCA1number_border_conflict,SOCA1number_aggressive_behavior_by_resident,SOCA1aggression_index,SOCA1prop_PVC,SOCA1prop_female_barrier,SOCA1prop_resident_barrier,SOCA1prop_resident_wall,SOCA1prop_resident_corner,SOCA1prop_camera_wall,SOCA1prop_female_corner,SOCA1prop_female_wall,SOCA1prop_female_space,SOCA1prop_resident_space,SOCA1number_digging_opportunity,SOCA1number_activity_female_barrier_opportunity,SOCA1number_activity_at_resident_barrier_opportunity,SOCA1number_activity_at_neural_barrier_opportunity,SOCA1number_reproductive_display_opportunity,SOCA1number_lateral_display_opportunity,SOCA1number_border_conflict_opportunity,SOCA1prop_PVC_opportunity,SOCA1prop_female_barrier_opportunity,SOCA1prop_resident_barrier_opportunity,SOCA1prop_resident_wall_opportunity,SOCA1prop_resident_corner_opportunity,SOCA1prop_camera_wall_opportunity,SOCA1prop_female_corner_opportunity,SOCA1prop_female_wall_opportunity,SOCA1prop_female_space_opportunity,SOCA1prop_resident_space_opportunity,SOCA1number_digging_challenge,SOCA1number_activity_female_barrier_challenge,SOCA1number_activity_at_resident_barrier_challenge,SOCA1number_activity_at_neural_barrier_challenge,SOCA1number_reproductive_display_challenge,SOCA1number_lateral_display_challenge,SOCA1number_border_conflict_challenge,SOCA1prop_PVC_challenge,SOCA1prop_female_barrier_challenge,SOCA1prop_resident_barrier_challenge,SOCA1prop_resident_wall_challenge,SOCA1prop_resident_corner_challenge,SOCA1prop_camera_wall_challenge,SOCA1prop_female_corner_challenge,SOCA1prop_female_wall_challenge,SOCA1prop_female_space_challenge,SOCA1prop_resident_space_challenge,SOCA1prop_sum_resident,SOCA1prop_sum_female,SOCA1prop_sum_corner,SOCA1prop_sum_resident_opportunity,SOCA1prop_sum_female_opportunity,SOCA1prop_sum_corner_opportunity,SOCA1prop_sum_resident_challenge,SOCA1prop_sum_female_challenge,SOCA1prop_sum_corner_challenge,SOCA1change_in_activity_at_female_barrier_opportunity_to_challenge,SOCA1change_in_reproductive_display_opportunity_to_challenge,SOCA1change_in_lateral_display_opportunity_to_challenge,SOCA1change_in_prop_sum_female_opportunity_to_challenge,SOCA1change_in_prop_sum_resident_opportunity_to_challenge,focal_standard_length.y,SOCA2size_index,tank.y,SOCA2length_of_vid,SOCA2number_of_entries_habituation,SOCA2number_of_entries_opporutnity,SOCA2number_of_entires_challenge,SOCA2number_digging,SOCA2number_activity_female_barrier,SOCA2number_activity_at_resident_barrier,SOCA2number_activity_at_neural_barrier,SOCA2number_reproductive_display,SOCA2number_lateral_display,SOCA2number_border_conflict,SOCA2number_aggressive_behavior_by_resident,SOCA2aggression_index,SOCA2prop_PVC,SOCA2prop_female_barrier,SOCA2prop_resident_barrier,SOCA2prop_resident_wall,SOCA2prop_resident_corner,SOCA2prop_camera_wall,SOCA2prop_female_corner,SOCA2prop_female_wall,SOCA2prop_female_space,SOCA2prop_resident_space,SOCA2number_digging_opportunity,SOCA2number_activity_female_barrier_opportunity,SOCA2number_activity_at_resident_barrier_opportunity,SOCA2number_activity_at_neural_barrier_opportunity,SOCA2number_reproductive_display_opportunity,SOCA2number_lateral_display_opportunity,SOCA2number_border_conflict_opportunity,SOCA2prop_PVC_opportunity,SOCA2prop_female_barrier_opportunity,SOCA2prop_resident_barrier_opportunity,SOCA2prop_resident_wall_opportunity,SOCA2prop_resident_corner_opportunity,SOCA2prop_camera_wall_opportunity,SOCA2prop_female_corner_opportunity,SOCA2prop_female_wall_opportunity,SOCA2prop_female_space_opportunity,SOCA2prop_resident_space_opportunity,SOCA2number_digging_challenge,SOCA2number_activity_female_barrier_challenge,SOCA2number_activity_at_resident_barrier_challenge,SOCA2number_activity_at_neural_barrier_challenge,SOCA2number_reproductive_display_challenge,SOCA2number_lateral_display_challenge,SOCA2number_border_conflict_challenge,SOCA2prop_PVC_challenge,SOCA2prop_female_barrier_challenge,SOCA2prop_resident_barrier_challenge,SOCA2prop_resident_wall_challenge,SOCA2prop_resident_corner_challenge,SOCA2prop_camera_wall_challenge,SOCA2prop_female_corner_challenge,SOCA2prop_female_wall_challenge,SOCA2prop_female_space_challenge,SOCA2prop_resident_space_challenge,SOCA2prop_sum_resident,SOCA2prop_sum_female,SOCA2prop_sum_corner,SOCA2prop_sum_resident_opportunity,SOCA2prop_sum_female_opportunity,SOCA2prop_sum_corner_opportunity,SOCA2prop_sum_resident_challenge,SOCA2prop_sum_female_challenge,SOCA2prop_sum_corner_challenge,SOCA2change_in_activity_at_female_barrier_opportunity_to_challenge,SOCA2change_in_reproductive_display_opportunity_to_challenge,SOCA2change_in_lateral_display_opportunity_to_challenge,SOCA2change_in_prop_sum_female_opportunity_to_challenge,SOCA2change_in_prop_sum_resident_opportunity_to_challenge,focal_standard_length,tank,SOCA1to2change_number_of_entries_opporutnity,SOCA1to2change_number_of_entires_challenge,SOCA1to2change_number_digging,SOCA1to2change_number_activity_female_barrier,SOCA1to2change_number_activity_at_resident_barrier,SOCA1to2change_number_reproductive_display,SOCA1to2change_number_lateral_display,SOCA1to2change_number_border_conflict,SOCA1to2change_aggression_index,SOCA1to2change_prop_PVC,SOCA1to2change_prop_female_barrier,SOCA1to2change_prop_resident_barrier,SOCA1to2change_number_activity_female_barrier_opportunity,SOCA1to2change_number_reproductive_display_opportunity,SOCA1to2change_number_activity_at_resident_barrier_challenge,SOCA1to2change_number_reproductive_display_challenge,SOCA1to2change_number_border_conflict_challenge,SOCA1to2change_prop_PVC_challenge,SOCA1to2change_prop_female_barrier_challenge,SOCA1to2change_prop_sum_resident,SOCA1to2change_prop_sum_female,SOCA1to2change_prop_sum_corner,SOCA1to2change_prop_sum_female_opportunity,SOCA1to2change_prop_sum_resident_challenge,SOCA1to2change_prop_sum_female_challenge,SOCA1to2change_prop_sum_corner_challenge,present_in_both_socas
round1maleblack,4.7,0.3,1,1158,1,20,9,1,22,2,0,2,0,0,0,0,0.7573402417962003,0.10621761658031088,0.13644214162348878,0,0,0,0,0,0,0,0,3,0,0,0,0,0,0.37823834196891193,0.10621761658031088,0.03367875647668394,0,0,0,0,0,0,0,1,19,2,0,2,0,0,0.15630397236614854,0,0.10276338514680483,0,0,0,0,0,0,0,0.13644214162348878,0.10621761658031088,0,0.03367875647668394,0.10621761658031088,0,0.10276338514680483,0,0,16,2,0,-0.10621761658031088,0.06908462867012088,4.7,0.3,1,1355,3,9,14,0,13,1,1,0,0,0,1,-1,0.8907749077490775,0.06051660516605166,0.025092250922509225,0,0.00959409594095941,0,0,0,0.0051660516605166054,0.008856088560885609,0,6,1,0,0,0,0,0.4103321033210332,0.025830258302583026,0.006642066420664207,0,0,0,0,0,0,0,0,7,0,0,0,0,0,0.37859778597785976,0.03468634686346864,0.015498154981549815,0,0,0,0,0,0.0051660516605166054,0.008856088560885609,0.043542435424354244,0.06568265682656826,0.00959409594095941,0.006642066420664207,0.025830258302583026,0,0.024354243542435424,0.03985239852398524,0,1,0,0,0.014022140221402215,0.017712177121771217,4.7,1,-11,5,-1,-9,-1,-2,0,0,-1,0.13343466595287723,-0.045701011414259224,-0.11134989070097956,3,0,-2,-2,0,0.22229381361171122,0.03468634686346864,-0.09289970619913454,-0.04053495975374262,0.00959409594095941,-0.08038735827772786,-0.0784091416043694,0.03985239852398524,0,yes
round1maleblue,4.7,0.6,3,1447,5,12,4,0,1,1,7,0,0,0,0,0,0.8631651693158259,0.07049067035245335,0.0221147201105736,0.0027643400138217,0.025570145127850726,0.013130615065653075,0.0027643400138217,0,0,0,0,0,1,7,0,0,0,0.32757429163787144,0.024187975120939877,0.018659295093296474,0.0027643400138217,0.025570145127850726,0.013130615065653075,0.0027643400138217,0,0,0,0,1,0,0,0,0,0,0.39944713199723564,0.01520387007601935,0,0,0,0,0,0,0,0,0.05044920525224603,0.07325501036627505,0.028334485141672427,0.046993780234968904,0.026952315134761574,0.028334485141672427,0,0.01520387007601935,0,1,0,0,-0.011748445058742224,-0.046993780234968904,4.7,0.6,3,1531,11,17,7,2,17,7,15,0,0,0,0,0,0.41802743305029394,0.14696276943174397,0.033311561071195296,0,0.29653821032005223,0.042455911169170475,0.0032658393207054214,0,0.05225342913128674,0.007184846505551927,2,9,4,0,0,0,0,0.1580666231221424,0.07119529719137818,0.009144350097975179,0,0.13977792292619204,0,0,0,0.013716525146962769,0,0,8,0,2,0,0,0,0.2599608099281515,0.07576747224036577,0,0,0.015676028739386023,0,0,0,0.038536903984323974,0.007184846505551927,0.3370346178967995,0.20248203788373612,0.2998040496407577,0.14892227302416722,0.08491182233834095,0.13977792292619204,0.022860875244937948,0.11430437622468975,0.015676028739386023,-1,0,0,0.029392553886348802,-0.12606139777922926,4.7,3,5,3,2,16,6,0,0,0,0,-0.44513773626553194,0.07647209907929062,0.011196840960621696,9,0,0,0,0,-0.13948632206908412,0.06056360216434642,0.2865854126445535,0.12922702751746107,0.27146956449908527,0.057959507203579376,0.022860875244937948,0.0991005061486704,0.015676028739386023,yes
round1malegreen,4.8,0.2,1,1461,10,26,29,2,5,2,4,1,3,1,3,1,0.15058179329226556,0.20191649555099248,0.17864476386036962,0,0.0034223134839151265,0.0944558521560575,0.25256673511293637,0.026694045174537988,0.0917180013689254,0,1,3,1,2,1,0,0,0.08076659822039699,0.12388774811772758,0.1266255989048597,0,0,0.039014373716632446,0.024640657084188913,0,0.01574264202600958,0,1,2,1,1,0,3,1,0.06228610540725531,0.06433949349760439,0.05201916495550993,0,0.0034223134839151265,0.019164955509924708,0.20396988364134155,0.002053388090349076,0.0034223134839151265,0,0.18206707734428473,0.5728952772073922,0.25598904859685145,0.1266255989048597,0.16427104722792607,0.024640657084188913,0.055441478439425054,0.2737850787132101,0.20739219712525667,-1,-1,3,0.10951403148528405,-0.07118412046543464,NA,NA,NA,NA,NA,NA,NA,NA,NA,NA,NA,NA,NA,NA,NA,NA,NA,NA,NA,NA,NA,NA,NA,NA,NA,NA,NA,NA,NA,NA,NA,NA,NA,NA,NA,NA,NA,NA,NA,NA,NA,NA,NA,NA,NA,NA,NA,NA,NA,NA,NA,NA,NA,NA,NA,NA,NA,NA,NA,NA,NA,NA,NA,NA,NA,NA,NA,NA,NA,NA,NA,NA,NA,NA,4.8,1,NA,NA,NA,NA,NA,NA,NA,NA,NA,NA,NA,NA,NA,NA,NA,NA,NA,NA,NA,NA,NA,NA,NA,NA,NA,NA,no
round1maleorange,5.5,0.9,2,1431,5,35,16,1,16,11,10,0,11,4,16,-1,0.21733053808525507,0.16561844863731656,0.19916142557651992,0.0069881201956673656,0.23619846261355695,0.04682040531097135,0.03843466107617051,0.02585604472396925,0.04332634521313766,0.02026554856743536,1,15,5,10,0,0,0,0.05450733752620545,0.13976240391334732,0.09433962264150944,0.0069881201956673656,0.026554856743535988,0.025157232704402517,0.03214535290006988,0.013976240391334731,0.008385744234800839,0.005590496156533892,0,1,4,0,0,11,4,0,0.02585604472396925,0.09643605870020965,0,0.20964360587002095,0.019566736547868623,0.006289308176100629,0.011879804332634521,0.03494060097833683,0.014675052410901468,0.46261355695317957,0.273235499650594,0.2746331236897275,0.1334730957372467,0.19426974143955275,0.05870020964360587,0.32075471698113206,0.07896575821104122,0.21593291404612158,-14,0,11,-0.11530398322851153,0.18728162124388537,NA,NA,NA,NA,NA,NA,NA,NA,NA,NA,NA,NA,NA,NA,NA,NA,NA,NA,NA,NA,NA,NA,NA,NA,NA,NA,NA,NA,NA,NA,NA,NA,NA,NA,NA,NA,NA,NA,NA,NA,NA,NA,NA,NA,NA,NA,NA,NA,NA,NA,NA,NA,NA,NA,NA,NA,NA,NA,NA,NA,NA,NA,NA,NA,NA,NA,NA,NA,NA,NA,NA,NA,NA,NA,5.5,2,NA,NA,NA,NA,NA,NA,NA,NA,NA,NA,NA,NA,NA,NA,NA,NA,NA,NA,NA,NA,NA,NA,NA,NA,NA,NA,no
round1malepink,4.6,0.7,3,1755,14,12,17,0,20,4,51,0,0,0,1,-1,0.03133903133903134,0.16695156695156696,0.05185185185185185,0.02849002849002849,0.03418803418803419,0.24102564102564103,0.3886039886039886,0.02905982905982906,0.02849002849002849,0,0,20,0,18,0,0,0,0.03133903133903134,0.15669515669515668,0,0,0,0,0.1623931623931624,0.002849002849002849,0.005698005698005698,0,0,0,3,16,0,0,0,0,0,0.0245014245014245,0.02849002849002849,0.0245014245014245,0.21310541310541312,0.022222222222222223,0.0062678062678062675,0.022792022792022793,0,0.11452991452991453,0.6131054131054131,0.42279202279202277,0,0.32763532763532766,0.1623931623931624,0.07749287749287749,0.05128205128205128,0.046723646723646726,-20,0,0,-0.2763532763532764,0.07749287749287749,4.6,0.7,3,1386,10,23,5,0,80,2,5,0,0,0,0,0,0.4797979797979798,0.41125541125541126,0.023809523809523808,0,0.023809523809523808,0.002886002886002886,0.011544011544011544,0,0.046897546897546896,0,0,47,0,0,0,0,0,0.18903318903318903,0.19408369408369408,0,0,0,0.002886002886002886,0,0,0.046897546897546896,0,0,32,0,0,0,0,0,0.24963924963924963,0.18326118326118326,0,0,0,0,0,0,0,0,0.047619047619047616,0.4696969696969697,0.03535353535353535,0,0.240981240981241,0,0,0.18326118326118326,0,-15,0,0,-0.05772005772005773,0,4.6,3,11,-12,0,60,-2,0,0,0,1,0.44845894845894846,0.2443038443038443,-0.028042328042328042,27,0,-3,0,0,0.24963924963924963,0.18326118326118326,-0.06691086691086691,-0.1434084434084434,-0.3874384874384874,-0.086654086654086665,-0.07749287749287749,0.13197913197913197,-0.046723646723646726,yes
round1malepurple,4.9,0.1,1,1447,3,4,4,0,1,0,0,0,0,0,0,0,0,0.017277125086385625,0.002073255010366275,0.3648928818244644,0,0,0.44505874222529374,0.15964063579820317,0.0110573600552868,0,0,0,0,0,0,0,0,0,0,0,0.2073255010366275,0,0,0.04768486523842433,0.15964063579820317,0,0,0,1,0,0,0,0,0,0,0.006219765031098825,0,0,0,0,0.3973738769868694,0,0.0110573600552868,0,0.3669661368348307,0.6330338631651693,0.44505874222529374,0.2073255010366275,0.2073255010366275,0.04768486523842433,0,0.414651002073255,0.3973738769868694,1,0,0,0.2073255010366275,-0.2073255010366275,NA,NA,NA,NA,NA,NA,NA,NA,NA,NA,NA,NA,NA,NA,NA,NA,NA,NA,NA,NA,NA,NA,NA,NA,NA,NA,NA,NA,NA,NA,NA,NA,NA,NA,NA,NA,NA,NA,NA,NA,NA,NA,NA,NA,NA,NA,NA,NA,NA,NA,NA,NA,NA,NA,NA,NA,NA,NA,NA,NA,NA,NA,NA,NA,NA,NA,NA,NA,NA,NA,NA,NA,NA,NA,4.9,1,NA,NA,NA,NA,NA,NA,NA,NA,NA,NA,NA,NA,NA,NA,NA,NA,NA,NA,NA,NA,NA,NA,NA,NA,NA,NA,no
round1malewhite,4.7,1.7,2,1711,5,8,4,0,5,1,0,0,0,0,0,0,0.700759789596727,0.2711864406779661,0.014026884862653419,0,0.008766803039158387,0.0011689070718877848,0,0.0017533606078316774,0,0.0023378141437755697,0,5,0,0,0,0,0,0.2577440093512566,0.08065458796025717,0.009935710111046173,0,0,0,0,0,0,0.0023378141437755697,0,0,0,0,0,0,0,0.1542957334891876,0.19053185271770895,0,0,0,0,0,0,0,0,0.025131502045587374,0.27293980128579776,0.008766803039158387,0.012273524254821741,0.08065458796025717,0,0,0.19053185271770895,0,-5,0,0,0.10987726475745178,-0.012273524254821741,4.7,1.7,2,1364,8,5,7,0,4,0,7,0,0,0,1,-1,0.6048387096774194,0.0689149560117302,0.0021994134897360706,0,0.1693548387096774,0,0.14809384164222875,0.004398826979472141,0.0021994134897360706,0,0,2,0,2,0,0,0,0.21994134897360704,0.006598240469208211,0,0,0.07624633431085044,0,0.13709677419354838,0,0,0,0,1,0,0,0,0,0,0.3848973607038123,0.050586510263929615,0.0021994134897360706,0,0,0,0,0,0.0021994134897360706,0,0.17155425219941348,0.22360703812316715,0.31744868035190615,0.07624633431085044,0.1436950146627566,0.21334310850439883,0.0021994134897360706,0.05278592375366569,0,-1,0,0,-0.09090909090909091,-0.07404692082111437,4.7,2,-3,3,0,-1,-1,0,0,0,-1,-0.09592107991930765,-0.2022714846662359,-0.011827471372917349,-3,0,0,0,0,0.2306016272146247,-0.13994534245377932,0.1464227501538261,-0.049332763162630605,0.30868187731274777,0.06304042670249944,0.0021994134897360706,-0.13774592896404325,0,yes
round2maleblack,4.5,1.9,2,1374,3,18,38,3,27,1,29,0,0,0,2,-2,0.21324599708879186,0.34279475982532753,0.01601164483260553,0.039301310043668124,0.08733624454148471,0.09388646288209607,0.12518195050946143,0.06186317321688501,0.008005822416302766,0.012372634643377001,0,14,0,11,0,0,0,0.06622998544395925,0.23653566229985443,0.004366812227074236,0,0,0.027656477438136828,0.018922852983988356,0.053857350800582245,0,0.001455604075691412,3,12,0,18,0,0,0,0,0.10116448326055313,0.009461426491994178,0.039301310043668124,0.08733624454148471,0.06622998544395925,0.10625909752547306,0.008005822416302766,0.008005822416302766,0.010917030567685589,0.15502183406113537,0.5378457059679768,0.21251819505094613,0.005822416302765648,0.309315866084425,0.018922852983988356,0.1470160116448326,0.22343522561863174,0.19359534206695778,-2,0,0,-0.08588064046579327,0.14119359534206696,4.5,1.9,2,1405,1,12,22,5,51,8,29,0,0,0,3,-3,0.03345195729537367,0.33167259786476866,0.027758007117437724,0,0.2875444839857651,0.12597864768683273,0.1516014234875445,0,0.04199288256227758,0,0,38,0,20,0,0,0,0,0.22704626334519573,0,0,0.07758007117437722,0.020640569395017794,0.10177935943060498,0,0,0,5,13,8,9,0,0,0,0.03345195729537367,0.10462633451957296,0.027758007117437724,0,0.06405693950177936,0.10533807829181495,0.0498220640569395,0,0.04199288256227758,0,0.31530249110320285,0.5252669039145907,0.4391459074733096,0.07758007117437722,0.3288256227758007,0.17935943060498222,0.09181494661921709,0.19644128113879003,0.11387900355871886,-25,0,0,-0.13238434163701066,0.014234875444839867,4.5,2,-6,-16,2,24,7,0,0,0,-1,-0.17979403979341818,-0.011122161960558874,0.011746362284832192,24,0,8,0,0,0.03345195729537367,0.0034618512590198214,0.16028065704206748,-0.012578802053386018,0.2266277124223635,0.019509756691375668,-0.05520106502561552,-0.026993944479841714,-0.07971633850823892,yes
round2maleblue,4.5,1.9,2,1405,17,22,19,13,2,0,59,0,0,0,0,0,0.020640569395017794,0.0298932384341637,0.007829181494661922,0.028469750889679714,0.21779359430604983,0.35658362989323844,0.27686832740213524,0.06192170818505338,0,0,5,0,0,34,0,0,0,0,0.00498220640569395,0,0,0.18149466192170818,0.14377224199288255,0.09679715302491103,0,0,0,8,0,0,24,0,0,0,0,0,0,0,0.023487544483985764,0.18362989323843418,0.17295373665480426,0,0,0,0.25409252669039145,0.3686832740213523,0.49466192170818507,0.18149466192170818,0.10177935943060498,0.2782918149466192,0.023487544483985764,0.17295373665480426,0.19644128113879003,0,0,0,0.07117437722419928,-0.15800711743772242,NA,NA,NA,NA,NA,NA,NA,NA,NA,NA,NA,NA,NA,NA,NA,NA,NA,NA,NA,NA,NA,NA,NA,NA,NA,NA,NA,NA,NA,NA,NA,NA,NA,NA,NA,NA,NA,NA,NA,NA,NA,NA,NA,NA,NA,NA,NA,NA,NA,NA,NA,NA,NA,NA,NA,NA,NA,NA,NA,NA,NA,NA,NA,NA,NA,NA,NA,NA,NA,NA,NA,NA,NA,NA,4.5,2,NA,NA,NA,NA,NA,NA,NA,NA,NA,NA,NA,NA,NA,NA,NA,NA,NA,NA,NA,NA,NA,NA,NA,NA,NA,NA,no
round2malegreen,4.1,0.9,1,1405,8,16,18,6,11,0,1,2,1,1,3,-1,0.2412811387900356,0.41494661921708187,0.027758007117437724,0,0.06263345195729537,0.08469750889679716,0.06120996441281139,0.0035587188612099642,0.09893238434163701,0.00498220640569395,3,5,0,1,0,0,0,0.13736654804270462,0.10462633451957296,0.0028469750889679717,0,0.06263345195729537,0.0199288256227758,0.04341637010676157,0.0035587188612099642,0.052669039145907474,0,3,6,0,0,2,1,1,0.06263345195729537,0.22135231316725978,0.008540925266903915,0,0,0.06476868327402135,0.017793594306049824,0,0.046263345195729534,0.00498220640569395,0.09537366548042704,0.5786476868327403,0.12384341637010676,0.06548042704626335,0.20427046263345194,0.10604982206405694,0.013523131672597865,0.28540925266903916,0.017793594306049824,1,2,1,0.08113879003558722,-0.05195729537366548,4.1,0.9,1,1386,8,13,11,5,32,15,6,0,0,3,3,0,0.37518037518037517,0.455988455988456,0.0707070707070707,0,0,0,0.06349206349206349,0,0.03463203463203463,0,0,15,4,6,0,0,0,0.1305916305916306,0.227994227994228,0.015873015873015872,0,0,0,0.05411255411255411,0,0.004329004329004329,0,5,11,4,0,0,0,3,0.18326118326118326,0.19480519480519481,0.015151515151515152,0,0,0,0.00937950937950938,0,0.030303030303030304,0,0.0707070707070707,0.5541125541125541,0.06349206349206349,0.015873015873015872,0.28643578643578643,0.05411255411255411,0.015151515151515152,0.2344877344877345,0.00937950937950938,-4,0,0,-0.05194805194805194,-7.215007215007202e-4,4.1,1,-3,-7,-1,21,15,-2,-1,2,1,0.13389923639033957,0.04104183677137413,0.04294906358963298,10,0,4,-2,2,0.12062773130388789,-0.02654711836206497,-0.024666594773356337,-0.024535132720186148,-0.060351352878043274,0.08216532380233449,0.0016283834789172866,-0.050921518181304665,-0.008414084926540444,yes
round2maleorange,4.3,0.7,1,1439,7,7,12,0,4,2,18,0,0,0,0,0,0,0.045170257123002086,0.034051424600416956,0.2599027102154274,0.5302293259207783,0.0236275191104934,0.10701876302988186,0,0,0,0,0,1,6,0,0,0,0,0,0.024322446143154968,0.10771369006254343,0.2849200833912439,0,0,0,0,0,0,4,0,12,0,0,0,0,0.04100069492703266,0,0,0.2453092425295344,0.0236275191104934,0.10701876302988186,0,0,0,0.8241834607366226,0.15218902015288394,0.6372480889506602,0.41695621959694235,0,0.2849200833912439,0.2453092425295344,0.1480194579569145,0.35232800555941624,4,0,0,0.1480194579569145,-0.17164697706740795,4.3,0.7,1,1314,3,24,19,4,15,7,0,1,0,4,3,1,0.4680365296803653,0.197869101978691,0.1293759512937595,0,0.17884322678843226,0.0076103500761035,0.0182648401826484,0,0,0,2,5,2,0,0,0,0,0.2511415525114155,0.0654490106544901,0.02207001522070015,0,0.11491628614916286,0.0030441400304414,0,0,0,0,2,10,5,0,1,0,4,0.21689497716894976,0.1324200913242009,0.10730593607305935,0,0,0,0,0,0,0,0.3082191780821918,0.2161339421613394,0.19710806697108066,0.136986301369863,0.0654490106544901,0.11491628614916286,0.10730593607305935,0.1324200913242009,0,5,1,0,0.0669710806697108,-0.02968036529680365,4.3,1,17,7,4,11,5,1,0,4,1,0.4680365296803653,0.1526988448556889,0.09532452669334254,5,0,5,1,4,0.21689497716894976,0.09141939639716824,-0.5159642826544308,0.06394492200845547,-0.4401400219795796,0.0654490106544901,-0.13800330645647504,-0.015599366632713607,-0.35232800555941624,yes
round2malepink,4.4,0.9,3,1401,3,21,23,5,9,4,13,0,0,0,2,-2,0.11420413990007137,0.1441827266238401,0.07423269093504639,7.137758743754461e-4,0.07423269093504639,0.25481798715203424,0.08208422555317631,0.07851534618129907,0.08065667380442541,0.09635974304068523,1,8,0,12,0,0,0,0.08065667380442541,0.06067094932191292,0.01284796573875803,0,0.06209850107066381,0.12776588151320487,0.05281941470378301,0.009992862241256246,0.007851534618129907,0.013561741613133477,4,0,4,1,0,0,0,0.03354746609564597,0.0014275517487508922,0.06138472519628837,7.137758743754461e-4,0.012134189864382585,0.1270521056388294,0.02926481084939329,0,0.0728051391862955,0.08279800142755175,0.24553890078515347,0.3854389721627409,0.15631691648822268,0.08850820842255532,0.13133476088508209,0.11491791577444682,0.15703069236259815,0.10349750178443969,0.04139900071377588,-8,0,0,-0.0278372591006424,0.06852248394004283,4.4,0.9,3,1457,6,16,15,11,20,1,17,2,0,0,1,-1,0.31365820178448867,0.35552505147563485,0.004118050789293068,0,0.017158544955387784,0.01098146877144818,0.2237474262182567,0,0.07137954701441318,0.0034317089910775567,2,12,0,9,1,0,0,0.07618393960192175,0.16266300617707619,0,0,0,0.004118050789293068,0.16884008236101578,0,0,0,9,6,1,2,1,0,0,0.18119423472889498,0.12216884008236102,0.004118050789293068,0,0,0,0.029512697323266987,0,0.07137954701441318,0.0034317089910775567,0.024708304735758406,0.6506520247083047,0.24090597117364448,0,0.33150308853809196,0.16884008236101578,0.0075497597803706245,0.2230610844200412,0.029512697323266987,-6,0,0,-0.10844200411805077,0.0075497597803706245,4.4,3,-5,-8,6,11,-3,2,0,0,1,0.19945406188441728,0.21134232485179474,-0.07011464014575332,4,1,-3,1,0,0.14764676863324902,0.12074128833361013,-0.22083059604939506,0.2652130525455638,0.0845890546854218,0.20016832765300988,-0.14948093258222753,0.1195635826356015,-0.01188630339050889,yes
round2malepurple,4.7,1.7,2,1432,8,24,23,0,9,5,10,0,0,1,6,-5,0.441340782122905,0.10893854748603352,0.057960893854748605,0.02164804469273743,0.039804469273743016,0.0782122905027933,0.12011173184357542,0.034916201117318434,0.09287709497206705,0.004189944134078212,0,3,3,8,0,0,0,0.276536312849162,0.06494413407821228,0.019553072625698324,0,0,0.024441340782122904,0.023743016759776536,0.00558659217877095,0.004189944134078212,0,0,6,2,0,0,0,1,0.1585195530726257,0.04399441340782123,0.03840782122905028,0.02164804469273743,0.039804469273743016,0.034916201117318434,0,0,0.07751396648044692,0.004189944134078212,0.12360335195530726,0.3568435754189944,0.15991620111731844,0.019553072625698324,0.09846368715083799,0.023743016759776536,0.10405027932960893,0.12150837988826815,0.039804469273743016,3,0,0,0.023044692737430164,0.08449720670391062,NA,NA,NA,NA,NA,NA,NA,NA,NA,NA,NA,NA,NA,NA,NA,NA,NA,NA,NA,NA,NA,NA,NA,NA,NA,NA,NA,NA,NA,NA,NA,NA,NA,NA,NA,NA,NA,NA,NA,NA,NA,NA,NA,NA,NA,NA,NA,NA,NA,NA,NA,NA,NA,NA,NA,NA,NA,NA,NA,NA,NA,NA,NA,NA,NA,NA,NA,NA,NA,NA,NA,NA,NA,NA,4.7,2,NA,NA,NA,NA,NA,NA,NA,NA,NA,NA,NA,NA,NA,NA,NA,NA,NA,NA,NA,NA,NA,NA,NA,NA,NA,NA,no
round2malewhite,4.9,0.4,3,1441,5,2,5,0,24,0,0,0,0,0,0,0,0.4337265787647467,0.19222761970853575,0.28591256072172105,0,0,0.018736988202637056,0.008327550312283136,0,0.018043025676613464,0.043025676613462877,0,0,0,0,0,0,0,0.2081887578070784,0,0.2081887578070784,0,0,0,0,0,0,0,0,24,0,0,0,0,0,0.2081887578070784,0.18181818181818182,0,0,0,0,0.008327550312283136,0,0.018043025676613464,0,0.3289382373351839,0.21859819569743233,0.008327550312283136,0.2081887578070784,0,0,0,0.2081887578070784,0.008327550312283136,24,0,0,0.2081887578070784,-0.2081887578070784,NA,NA,NA,NA,NA,NA,NA,NA,NA,NA,NA,NA,NA,NA,NA,NA,NA,NA,NA,NA,NA,NA,NA,NA,NA,NA,NA,NA,NA,NA,NA,NA,NA,NA,NA,NA,NA,NA,NA,NA,NA,NA,NA,NA,NA,NA,NA,NA,NA,NA,NA,NA,NA,NA,NA,NA,NA,NA,NA,NA,NA,NA,NA,NA,NA,NA,NA,NA,NA,NA,NA,NA,NA,NA,4.9,3,NA,NA,NA,NA,NA,NA,NA,NA,NA,NA,NA,NA,NA,NA,NA,NA,NA,NA,NA,NA,NA,NA,NA,NA,NA,NA,no
round2maleyellow,4.6,0.7,3,1412,3,10,7,1,3,1,0,0,0,0,1,-1,0.4752124645892351,0.07861189801699717,0.04603399433427762,0.32294617563739375,0.0113314447592068,0.004957507082152974,0,0,0.020538243626062325,0.04036827195467422,1,0,0,0,0,0,0,0.1048158640226629,0.03541076487252125,0.006373937677053824,0.21246458923512748,0,0.004957507082152974,0,0,0.020538243626062325,0.04036827195467422,0,3,0,0,0,0,0,0.37039660056657225,0.04320113314447592,0.0113314447592068,0,0,0,0,0,0,0,0.4206798866855524,0.09915014164305949,0.0113314447592068,0.25920679886685555,0.05594900849858357,0,0.0113314447592068,0.04320113314447592,0,3,0,0,-0.012747875354107652,-0.24787535410764874,NA,NA,NA,NA,NA,NA,NA,NA,NA,NA,NA,NA,NA,NA,NA,NA,NA,NA,NA,NA,NA,NA,NA,NA,NA,NA,NA,NA,NA,NA,NA,NA,NA,NA,NA,NA,NA,NA,NA,NA,NA,NA,NA,NA,NA,NA,NA,NA,NA,NA,NA,NA,NA,NA,NA,NA,NA,NA,NA,NA,NA,NA,NA,NA,NA,NA,NA,NA,NA,NA,NA,NA,NA,NA,4.6,3,NA,NA,NA,NA,NA,NA,NA,NA,NA,NA,NA,NA,NA,NA,NA,NA,NA,NA,NA,NA,NA,NA,NA,NA,NA,NA,no
round3maleblack,4.9,1.5,2,1190,0,8,7,NA,NA,NA,NA,0,0,0,0,0,0.6991596638655462,0.0033613445378151263,0.010084033613445379,0.012605042016806723,0.010924369747899159,0.16134453781512606,0.0058823529411764705,0.07815126050420168,0.018487394957983194,0,0,0,0,3,0,0,0,0.4470588235294118,0,0.010084033613445379,0.012605042016806723,0.010924369747899159,0.015126050420168067,0,0,0.008403361344537815,0,10,1,0,7,0,0,0,0.25210084033613445,0.0033613445378151263,0,0,0,0.146218487394958,0.0058823529411764705,0.07815126050420168,0.010084033613445379,0,0.03361344537815126,0.10588235294117647,0.01680672268907563,0.03361344537815126,0.008403361344537815,0.010924369747899159,0,0.09747899159663866,0.0058823529411764705,1,0,0,0.08907563025210084,-0.03361344537815126,NA,NA,NA,NA,NA,NA,NA,NA,NA,NA,NA,NA,NA,NA,NA,NA,NA,NA,NA,NA,NA,NA,NA,NA,NA,NA,NA,NA,NA,NA,NA,NA,NA,NA,NA,NA,NA,NA,NA,NA,NA,NA,NA,NA,NA,NA,NA,NA,NA,NA,NA,NA,NA,NA,NA,NA,NA,NA,NA,NA,NA,NA,NA,NA,NA,NA,NA,NA,NA,NA,NA,NA,NA,NA,4.9,2,NA,NA,NA,NA,NA,NA,NA,NA,NA,NA,NA,NA,NA,NA,NA,NA,NA,NA,NA,NA,NA,NA,NA,NA,NA,NA,no
round3malegreen,4.4,0.9,3,1431,8,19,19,0,54,20,6,7,0,1,0,1,0.3780573025856045,0.37945492662473795,0.14046121593291405,0,0,0.02585604472396925,0.045422781271837874,0.02166317260656883,0.002795248078266946,0.006289308176100629,0,22,12,3,4,0,0,0.18867924528301888,0.11600279524807827,0.06988120195667366,0,0,0.004891684136967156,0.019566736547868623,0.011180992313067784,0.002795248078266946,0.006289308176100629,0,26,6,3,3,0,1,0.13836477987421383,0.2026554856743536,0.041928721174004195,0,0,0.0041928721174004195,0.02166317260656883,0.010482180293501049,0,0,0.14675052410901468,0.4493361285814116,0.045422781271837874,0.07617051013277429,0.14954577218728163,0.019566736547868623,0.041928721174004195,0.2348008385744235,0.02166317260656883,4,-1,0,0.08525506638714186,-0.03424178895877009,NA,NA,NA,NA,NA,NA,NA,NA,NA,NA,NA,NA,NA,NA,NA,NA,NA,NA,NA,NA,NA,NA,NA,NA,NA,NA,NA,NA,NA,NA,NA,NA,NA,NA,NA,NA,NA,NA,NA,NA,NA,NA,NA,NA,NA,NA,NA,NA,NA,NA,NA,NA,NA,NA,NA,NA,NA,NA,NA,NA,NA,NA,NA,NA,NA,NA,NA,NA,NA,NA,NA,NA,NA,NA,4.4,3,NA,NA,NA,NA,NA,NA,NA,NA,NA,NA,NA,NA,NA,NA,NA,NA,NA,NA,NA,NA,NA,NA,NA,NA,NA,NA,no
round3maleorange,4.6,1.8,2,1441,11,19,8,0,16,4,20,0,0,0,1,-1,0.4850798056904927,0.09854267869535045,0.034004163775156145,0.054823039555863984,0.1963913948646773,0.03816793893129771,0.05898681471200555,0.02220680083275503,0.01179736294240111,0,0,15,2,7,0,0,0,0.09854267869535045,0.08188757807078417,0.02220680083275503,0.049271339347675226,0.11727966689798751,0.009021512838306732,0.0263705759888966,0,0.01179736294240111,0,0,1,2,2,0,0,0,0.38653712699514226,0.009715475364330326,0.01179736294240111,0,0.01179736294240111,0,0,0,0,0,0.28521859819569745,0.19153365718251214,0.25537820957668284,0.18875780707841777,0.12005551700208189,0.1436502428868841,0.02359472588480222,0.009715475364330326,0.01179736294240111,-14,0,0,-0.11034004163775156,-0.16516308119361556,4.6,1.8,2,1452,15,16,21,0,67,12,44,0,1,5,3,3,0.1494490358126722,0.4263085399449036,0.11776859504132231,0.009641873278236915,0.07575757575757576,0.05165289256198347,0.09090909090909091,0.07851239669421488,0,0,0,36,0,12,0,0,0,0.05922865013774105,0.22107438016528927,0,0,0.0743801652892562,0.015151515151515152,0.013774104683195593,0.029614325068870524,0,0,0,29,12,17,0,1,5,0.04201101928374656,0.19352617079889808,0.09710743801652892,0,0,0.006198347107438017,0.05647382920110193,0.01790633608815427,0,0,0.20316804407713498,0.5957300275482094,0.16666666666666666,0.0743801652892562,0.2644628099173554,0.0881542699724518,0.09710743801652892,0.2679063360881543,0.05647382920110193,-7,0,1,0.003443526170798905,0.02272727272727272,4.6,2,-3,13,0,51,8,0,1,5,4,-0.3356307698778205,0.32776586124955315,0.08376443126616617,21,0,10,0,5,-0.3445261077113957,0.18381069543456777,-0.08205055411856246,0.4041963703656972,-0.08871154291001618,0.1444072929152735,0.07351271213172669,0.25819086072382397,0.04467646625870082,yes
round3malepink,4.4,0.9,4,1322,8,9,17,0,3,3,9,1,0,0,1,-1,0.4659606656580938,0.037065052950075644,0.06278366111951589,0,0.21558245083207261,0.11346444780635401,0.006051437216338881,0,0.06732223903177005,0.03177004538577912,0,0,1,7,0,0,0,0.21709531013615735,0.019667170953101363,0.009077155824508321,0,0.17700453857791226,0.024962178517397883,0.006051437216338881,0,0,0,0,3,2,2,1,0,0,0.17851739788199697,0.01739788199697428,0.048411497730711045,0,0,0.019667170953101363,0,0,0.06732223903177005,0.03177004538577912,0.3101361573373676,0.11043872919818457,0.2216338880484115,0.18608169440242056,0.025718608169440244,0.18305597579425115,0.08018154311649017,0.08472012102874432,0,3,1,0,0.05900151285930408,-0.10590015128593039,4.4,0.9,4,1531,19,12,6,0,25,6,4,1,1,0,0,1,0.3990855649902025,0.35075114304376226,0.08164598301763554,0.006531678641410843,0.12736773350751143,0.018941868060091443,0,0.013716525146962769,0.001959503592423253,0,0,18,4,0,1,1,0,0.022207707380796866,0.18876551273677336,0.05682560418027433,0,0.11887655127367734,0.005225342913128674,0,0,0,0,0,4,0,0,0,0,0,0.2828216851730895,0.10711952971913782,0,0,0,0,0,0,0.001959503592423253,0,0.2155453951665578,0.36642717178314826,0.12736773350751143,0.17570215545395165,0.18876551273677336,0.11887655127367734,0,0.10907903331156107,0,-14,-1,-1,-0.07968647942521229,-0.17570215545395165,4.4,4,3,-11,0,22,3,0,1,0,2,-0.06687510066789132,0.31368609009368664,0.01886232189811965,18,1,-2,-1,0,0.1043042872910925,0.08972164772216354,-0.0945907621708098,0.25598844258496367,-0.09426615454090007,0.16304690456733312,-0.08018154311649017,0.024358912282816753,0,yes
round3malepurple,4.7,0.3,1,1200,0,28,27,3,22,14,24,1,2,6,7,1,0.17333333333333334,0.2758333333333333,0.115,0.10916666666666666,0.08416666666666667,0.0775,0.0725,0.0075,0.03333333333333333,0.051666666666666666,0,12,2,11,1,0,0,0.04,0.14166666666666666,0.04666666666666667,0.10333333333333333,0.049166666666666664,0.021666666666666667,0.041666666666666664,0,0.004166666666666667,0.051666666666666666,3,10,12,13,0,2,6,0.13333333333333333,0.13416666666666666,0.06833333333333333,0.005833333333333334,0.035,0.05583333333333333,0.030833333333333334,0.0075,0.029166666666666667,0,0.36,0.38916666666666666,0.15666666666666668,0.25083333333333335,0.1875,0.09083333333333334,0.10916666666666666,0.20166666666666666,0.06583333333333333,-2,-1,2,0.01416666666666666,-0.1416666666666667,NA,NA,NA,NA,NA,NA,NA,NA,NA,NA,NA,NA,NA,NA,NA,NA,NA,NA,NA,NA,NA,NA,NA,NA,NA,NA,NA,NA,NA,NA,NA,NA,NA,NA,NA,NA,NA,NA,NA,NA,NA,NA,NA,NA,NA,NA,NA,NA,NA,NA,NA,NA,NA,NA,NA,NA,NA,NA,NA,NA,NA,NA,NA,NA,NA,NA,NA,NA,NA,NA,NA,NA,NA,NA,4.7,1,NA,NA,NA,NA,NA,NA,NA,NA,NA,NA,NA,NA,NA,NA,NA,NA,NA,NA,NA,NA,NA,NA,NA,NA,NA,NA,no
round3malewhite,4.7,0.3,1,1435,1,2,14,0,2,0,1,0,0,0,0,0,0.8801393728222997,0.05226480836236934,0,0,0,0.029965156794425088,0.015331010452961672,0.011149825783972125,0.011149825783972125,0,0,0,0,0,0,0,0,0.4181184668989547,0,0,0,0,0,0,0,0,0,0,2,0,1,0,0,0,0.29825783972125436,0.05226480836236934,0,0,0,0.029965156794425088,0.015331010452961672,0.011149825783972125,0.011149825783972125,0,0,0.08989547038327526,0.015331010452961672,0,0,0,0,0.08989547038327526,0.015331010452961672,2,0,0,0.08989547038327526,0,4.7,0.3,1,1422,14,31,17,0,17,5,20,0,0,0,1,-1,0.3621659634317862,0.1209563994374121,0.052742616033755275,0.030239099859353025,0.10126582278481013,0.08227848101265822,0.21518987341772153,0,0.015471167369901548,0.01969057665260197,0,9,2,6,0,0,0,0.056962025316455694,0.07243319268635724,0.040787623066104076,0,0.06680731364275667,0.023206751054852322,0.1371308016877637,0,0.012658227848101266,0.011954992967651195,0,8,3,5,0,0,0,0.30520393811533053,0.03867791842475387,0.011954992967651195,0,0.011251758087201125,0.023206751054852322,0.026019690576652602,0,0.0028129395218002813,0.0028129395218002813,0.2039381153305204,0.35161744022503516,0.31645569620253167,0.11954992967651196,0.2222222222222222,0.2039381153305204,0.026019690576652602,0.06751054852320675,0.03727144866385373,-1,0,0,-0.15471167369901545,-0.09353023909985936,4.7,1,29,3,0,15,5,0,0,0,-1,-0.5179734093905135,0.06869159107504276,0.052742616033755275,9,0,3,0,0,0.006946098394076172,-0.01358688993761547,0.2039381153305204,0.2617219698417599,0.30112468574957,0.2222222222222222,0.026019690576652602,-0.02238492186006852,0.021940438210892053,yes
round4maleblack,5.3,1.1,2,1398,2,16,9,0,5,3,1,0,0,0,0,0,0.7804005722460658,0.05436337625178827,0.02503576537911302,0.012875536480686695,0.04291845493562232,0.015021459227467811,0,0,0.06437768240343347,0.005007153075822604,0,3,0,0,0,0,0,0.2968526466380544,0.04291845493562232,0.006437768240343348,0.012875536480686695,0.04291845493562232,0.005722460658082976,0,0,0.016452074391988557,0.005007153075822604,0,2,3,1,0,0,0,0.38197424892703863,0.011444921316165951,0.01859799713876967,0,0,0.009298998569384835,0,0,0.007868383404864092,0,0.08583690987124463,0.11874105865522175,0.04291845493562232,0.06723891273247497,0.059370529327610874,0.04291845493562232,0.01859799713876967,0.019313304721030045,0,-1,0,0,-0.04005722460658083,-0.0486409155937053,NA,NA,NA,NA,NA,NA,NA,NA,NA,NA,NA,NA,NA,NA,NA,NA,NA,NA,NA,NA,NA,NA,NA,NA,NA,NA,NA,NA,NA,NA,NA,NA,NA,NA,NA,NA,NA,NA,NA,NA,NA,NA,NA,NA,NA,NA,NA,NA,NA,NA,NA,NA,NA,NA,NA,NA,NA,NA,NA,NA,NA,NA,NA,NA,NA,NA,NA,NA,NA,NA,NA,NA,NA,NA,5.3,2,NA,NA,NA,NA,NA,NA,NA,NA,NA,NA,NA,NA,NA,NA,NA,NA,NA,NA,NA,NA,NA,NA,NA,NA,NA,NA,no
round4maleblue,4.8,0.2,1,1416,2,18,2,1,3,0,0,0,0,0,0,0,0.8453389830508474,0.06426553672316385,0.03531073446327684,0.012711864406779662,0.0035310734463276836,0,0.0211864406779661,0.005649717514124294,0.005649717514124294,0.006355932203389831,1,3,0,0,0,0,0,0.2867231638418079,0.06426553672316385,0.03531073446327684,0.012711864406779662,0.0035310734463276836,0,0.0035310734463276836,0.005649717514124294,0.005649717514124294,0.006355932203389831,0,0,0,0,0,0,0,0.423728813559322,0,0,0,0,0,0,0,0,0,0.05790960451977401,0.09675141242937853,0.024717514124293787,0.05790960451977401,0.07909604519774012,0.007062146892655367,0,0,0,-3,0,0,-0.07909604519774012,-0.05790960451977401,4.8,0.2,1,1442,7,6,14,0,48,3,1,0,5,1,5,1,0.5589459084604715,0.30859916782246877,0.04507628294036061,0,0.052704576976421634,0.022191400832177532,0.0013869625520110957,0,0.011095700416088766,0,0,12,0,0,0,0,0,0.34951456310679613,0.0651872399445215,0,0,0,0,0.0013869625520110957,0,0,0,0,36,1,0,0,5,1,0.14008321775312066,0.2302357836338419,0.03744798890429958,0,0,0.0048543689320388345,0,0,0.0034674063800277394,0,0.09778085991678225,0.3210818307905687,0.05409153952843273,0,0.06657420249653259,0.0013869625520110957,0.03744798890429958,0.23370319001386963,0,24,0,5,0.16712898751733704,0.03744798890429958,4.8,1,-12,12,-1,45,3,0,5,1,1,-0.2863930745903759,0.24433363109930492,0.009765548477083774,9,0,1,0,1,-0.28364559580620136,0.2302357836338419,0.03987125539700823,0.22433041836119016,0.029374025404138943,-0.012521842701207528,0.03744798890429958,0.23370319001386963,0,yes
round4malegreen,4.9,0.4,3,1401,3,9,13,0,15,4,1,0,0,0,2,-2,0.5317630264097074,0.31977159172019987,0.052105638829407566,0.010706638115631691,0,0,0,0.06638115631691649,0.019271948608137045,0,0,9,1,0,0,0,0,0.25481798715203424,0.09992862241256245,0.02212705210563883,0,0,0,0,0.05139186295503212,0,0,0,6,3,1,0,0,0,0.22055674518201285,0.14346895074946467,0.029978586723768737,0,0,0,0,0.014989293361884369,0.019271948608137045,0,0.06281227694503926,0.4054246966452534,0,0.02212705210563883,0.15132048536759457,0,0.029978586723768737,0.1777301927194861,0,-3,0,0,0.02640970735189152,0.007851534618129909,4.9,0.4,3,1271,1,16,16,4,3,3,11,0,0,0,1,-1,0.7057435090479937,0.06687647521636507,0.03068450039339103,0,0.014162077104642014,0.06136900078678206,0.01888276947285602,0,0.0983477576711251,0.003933910306845004,0,1,3,8,0,0,0,0.3870967741935484,0.013375295043273014,0.03068450039339103,0,0.014162077104642014,0.020456333595594022,0.010228166797797011,0,0,0.003933910306845004,4,2,0,3,0,0,0,0.27065302911093625,0.05350118017309206,0,0,0,0.040912667191188044,0.00865460267505901,0,0.0983477576711251,0,0.04878048780487805,0.1841070023603462,0.03304484657749803,0.04878048780487805,0.023603461841070025,0.024390243902439025,0,0.16050354051927615,0.00865460267505901,1,0,0,0.13690007867820614,-0.04878048780487805,4.9,3,7,3,4,-12,-1,0,0,0,1,0.17398048263828625,-0.2528951165038348,-0.021421138436016535,-8,0,-3,0,0,0.0500962839289234,-0.08996777057637262,-0.014031789140161205,-0.2213176942849072,0.03304484657749803,-0.12771702352652453,-0.029978586723768737,-0.01722665220020994,0.00865460267505901,yes
round4malepink,4.9,0.4,4,1708,3,13,6,1,5,3,8,1,0,0,0,0,0.7488290398126464,0.03864168618266979,0.08782201405152225,0.020491803278688523,0.00585480093676815,0.01990632318501171,0.03864168618266979,0.03161592505854801,0.00819672131147541,0,1,2,0,4,0,0,0,0.19789227166276346,0.021662763466042154,0.05152224824355972,0.020491803278688523,0.00585480093676815,0.00702576112412178,0.03864168618266979,0,0.00819672131147541,0,0,2,0,4,1,0,0,0.3003512880562061,0.006440281030444965,0,0,0,0.01288056206088993,0,0.03161592505854801,0,0,0.11416861826697892,0.117096018735363,0.04449648711943794,0.0778688524590164,0.06850117096018736,0.04449648711943794,0,0.038056206088992975,0,0,1,0,-0.030444964871194385,-0.0778688524590164,4.9,0.4,4,1409,10,14,7,0,0,4,28,0,2,2,2,2,0.49538679914833217,0,0.0880056777856636,0,0.2505322924059617,0.08161816891412349,0.0723917672107878,0,0.009226401703335699,0.0028388928317956,0,0,0,15,0,0,0,0.21291696238466998,0,0,0,0.1383960255500355,0.030518097941802696,0.0440028388928318,0,0,0,0,0,4,6,0,2,2,0.28246983676366216,0,0.0880056777856636,0,0,0.014904187366926898,0,0,0.009226401703335699,0.0028388928317956,0.34137686302342085,0.08161816891412349,0.32292405961674947,0.1383960255500355,0.0440028388928318,0.1823988644428673,0.0908445706174592,0.009226401703335699,0,0,0,2,-0.0347764371894961,-0.0475514549325763,4.9,4,1,1,-1,-5,1,-1,2,2,2,-0.2534422406643142,-0.03864168618266979,1.8366373414134551e-4,-2,0,4,-1,2,-0.017881451292543926,-0.006440281030444965,0.2272082447564419,-0.03547784982123951,0.27842757249731154,-0.024498332067355563,0.0908445706174592,-0.028829804385657277,0,yes
round4malewhite,5,0.3,3,530,6,1,0,0,0,1,3,0,0,0,0,0,0.9320754716981132,0,0.02830188679245283,0.03962264150943396,0,0,0,0,0,0,0,0,0,0,0,0,0,0.5660377358490566,0,0,0,0,0,0,0,0,0,0,0,0,0,0,0,0,0,0,0,0,0,0,0,0,0,0,0.06792452830188679,0,0,0,0,0,0,0,0,0,0,0,0,0,NA,NA,NA,NA,NA,NA,NA,NA,NA,NA,NA,NA,NA,NA,NA,NA,NA,NA,NA,NA,NA,NA,NA,NA,NA,NA,NA,NA,NA,NA,NA,NA,NA,NA,NA,NA,NA,NA,NA,NA,NA,NA,NA,NA,NA,NA,NA,NA,NA,NA,NA,NA,NA,NA,NA,NA,NA,NA,NA,NA,NA,NA,NA,NA,NA,NA,NA,NA,NA,NA,NA,NA,NA,NA,5,3,NA,NA,NA,NA,NA,NA,NA,NA,NA,NA,NA,NA,NA,NA,NA,NA,NA,NA,NA,NA,NA,NA,NA,NA,NA,NA,no
round5maleblack,7.1,-0.7,2,1438,3,18,9,0,4,18,10,0,12,4,13,3,0,0.21905424200278165,0.29694019471488176,0,0.0013908205841446453,0.07232267037552156,0.26286509040333794,0.009040333796940195,0.13351877607788595,0.004867872044506259,0,3,0,5,0,0,0,0,0.08970792767732963,0.02294853963838665,0,0.0013908205841446453,0.0521557719054242,0.1349095966620306,0.009040333796940195,0.1043115438108484,0.0027816411682892906,0,0,18,4,0,12,4,0,0,0.27399165507649514,0,0,0.012517385257301807,0.12030598052851182,0,0.02920723226703755,0.002086230876216968,0.3031988873435327,0.6244784422809457,0.26425591098748263,0.027121001390820583,0.3379694019471488,0.13630041724617525,0.2760778859527121,0.14951321279554938,0.12030598052851182,-3,0,12,-0.18845618915159942,0.24895688456189152,NA,NA,NA,NA,NA,NA,NA,NA,NA,NA,NA,NA,NA,NA,NA,NA,NA,NA,NA,NA,NA,NA,NA,NA,NA,NA,NA,NA,NA,NA,NA,NA,NA,NA,NA,NA,NA,NA,NA,NA,NA,NA,NA,NA,NA,NA,NA,NA,NA,NA,NA,NA,NA,NA,NA,NA,NA,NA,NA,NA,NA,NA,NA,NA,NA,NA,NA,NA,NA,NA,NA,NA,NA,NA,7.1,2,NA,NA,NA,NA,NA,NA,NA,NA,NA,NA,NA,NA,NA,NA,NA,NA,NA,NA,NA,NA,NA,NA,NA,NA,NA,NA,no
round5maleblue,5.9,-0.9,1,1395,9,22,10,0,11,6,4,0,0,0,1,-1,0.6580645161290323,0.06594982078853047,0.09247311827956989,0,0.02724014336917563,0.012903225806451613,0.12616487455197134,0,0.010752688172043012,0.0064516129032258064,0,6,3,3,0,0,0,0.22867383512544803,0.03655913978494624,0.04874551971326165,0,0.023655913978494623,0.012903225806451613,0.07455197132616488,0,0.005017921146953405,0,0,1,1,0,0,0,0,0.36415770609319,0.008602150537634409,0.03082437275985663,0,0,0,0.02007168458781362,0,0,0.0064516129032258064,0.12616487455197134,0.2028673835125448,0.15340501792114694,0.07240143369175628,0.11612903225806452,0.0982078853046595,0.03727598566308244,0.02867383512544803,0.02007168458781362,-5,0,0,-0.08745519713261649,-0.03512544802867384,NA,NA,NA,NA,NA,NA,NA,NA,NA,NA,NA,NA,NA,NA,NA,NA,NA,NA,NA,NA,NA,NA,NA,NA,NA,NA,NA,NA,NA,NA,NA,NA,NA,NA,NA,NA,NA,NA,NA,NA,NA,NA,NA,NA,NA,NA,NA,NA,NA,NA,NA,NA,NA,NA,NA,NA,NA,NA,NA,NA,NA,NA,NA,NA,NA,NA,NA,NA,NA,NA,NA,NA,NA,NA,5.9,1,NA,NA,NA,NA,NA,NA,NA,NA,NA,NA,NA,NA,NA,NA,NA,NA,NA,NA,NA,NA,NA,NA,NA,NA,NA,NA,no
round5malegreen,4.7,0.3,1,1391,6,7,14,3,20,0,17,0,0,0,0,0,0.09633357296908698,0.3637670740474479,0,0,0.041696621135873475,0.055355859094176854,0.43350107836089147,0.009345794392523364,0,0,0,13,0,9,0,0,0,0.012221423436376708,0.2861250898634076,0,0,0,0,0.13299784327821712,0,0,0,3,7,0,4,0,0,0,0.08411214953271028,0.07764198418404025,0,0,0,0.03522645578720345,0.23436376707404744,0,0,0,0.041696621135873475,0.8066139468008627,0.47519769949676494,0,0.41912293314162474,0.13299784327821712,0,0.3120057512580877,0.23436376707404744,-6,0,0,-0.10711718188353703,0,4.7,0.3,1,1393,12,19,10,0,85,2,8,0,0,0,0,0,0.11557788944723618,0.6460875807609476,0.0208183776022972,0.003589375448671931,0.08255563531945441,0.012203876525484566,0.019382627422828428,0.08686288585786073,0.012921751615218953,0,0,43,2,4,0,0,0,0.027279253409906678,0.27494615936826994,0.0208183776022972,0.003589375448671931,0.06173725771715721,0.003589375448671931,0.013639626704953339,0.02512562814070352,0,0,0,39,0,1,0,0,0,0.0882986360373295,0.3338119167264896,0,0,0,0.004307250538406317,-0.021536252692031587,0,0,0,0.10696338837042355,0.7652548456568558,0.10193826274228285,0.08614501076812635,0.3137114142139268,0.07537688442211055,0,0.312275664034458,-0.021536252692031587,-4,0,0,-0.0014357501794687866,-0.08614501076812635,4.7,1,12,-4,-3,65,2,0,0,0,0,0.019244316478149198,0.28232050671349973,0.0208183776022972,30,0,0,0,0,0.0041864865046192246,0.25616993254244935,0.06526676723455008,-0.04135910114400698,-0.3732594367544821,-0.10541151892769796,0,2.6991277637028466e-4,-0.255900019766079,yes
round5maleorange,5.5,-0.2,4,1430,3,21,15,0,5,58,11,0,13,4,8,9,0.33076923076923076,0.03566433566433566,0.4699300699300699,0,0,0.1041958041958042,0.023076923076923078,0.02727272727272727,0.00909090909090909,0,0,2,6,11,0,0,0,0.14195804195804196,0.016783216783216783,0.1076923076923077,0,0,0.1041958041958042,0.023076923076923078,0.01818181818181818,0.007692307692307693,0,0,3,50,0,0,13,4,0.045454545454545456,0.01888111888111888,0.35384615384615387,0,0,0,0,0,0.0013986013986013986,0,0.4699300699300699,0.0951048951048951,0.023076923076923078,0.1076923076923077,0.06573426573426573,0.023076923076923078,0.35384615384615387,0.02027972027972028,0,1,0,13,-0.045454545454545456,0.24615384615384617,NA,NA,NA,NA,NA,NA,NA,NA,NA,NA,NA,NA,NA,NA,NA,NA,NA,NA,NA,NA,NA,NA,NA,NA,NA,NA,NA,NA,NA,NA,NA,NA,NA,NA,NA,NA,NA,NA,NA,NA,NA,NA,NA,NA,NA,NA,NA,NA,NA,NA,NA,NA,NA,NA,NA,NA,NA,NA,NA,NA,NA,NA,NA,NA,NA,NA,NA,NA,NA,NA,NA,NA,NA,NA,5.5,4,NA,NA,NA,NA,NA,NA,NA,NA,NA,NA,NA,NA,NA,NA,NA,NA,NA,NA,NA,NA,NA,NA,NA,NA,NA,NA,no
round5malepurple,5.5,-0.2,3,1393,17,16,17,1,17,2,17,0,0,0,3,-3,0.14213926776740848,0.3050969131371141,0.010768126346015794,0,0.05312275664034458,0.10265613783201723,0.3295046661880833,0.008614501076812634,0.04737975592246949,7.178750897343862e-4,0,9,0,9,0,0,0,0.1399856424982053,0.09978463747307968,0,0,0.020100502512562814,0.043072505384063174,0.12634601579325197,0,0.0014357501794687725,0,1,5,1,0,0,0,0,0,0.15936826992103373,0.010768126346015794,0,0.007178750897343862,0.04594400574300072,0.16080402010050251,0,0.04594400574300072,7.178750897343862e-4,0.06460875807609476,0.6905958363244795,0.3826274228284279,0.020100502512562814,0.22756640344580042,0.1464465183058148,0.01866475233309404,0.36611629576453697,0.16798277099784636,-4,0,0,0.13854989231873654,-0.0014357501794687727,NA,NA,NA,NA,NA,NA,NA,NA,NA,NA,NA,NA,NA,NA,NA,NA,NA,NA,NA,NA,NA,NA,NA,NA,NA,NA,NA,NA,NA,NA,NA,NA,NA,NA,NA,NA,NA,NA,NA,NA,NA,NA,NA,NA,NA,NA,NA,NA,NA,NA,NA,NA,NA,NA,NA,NA,NA,NA,NA,NA,NA,NA,NA,NA,NA,NA,NA,NA,NA,NA,NA,NA,NA,NA,5.5,3,NA,NA,NA,NA,NA,NA,NA,NA,NA,NA,NA,NA,NA,NA,NA,NA,NA,NA,NA,NA,NA,NA,NA,NA,NA,NA,no
round5maleyellow,4.6,0.4,1,1338,4,12,16,0,26,14,18,0,0,1,0,1,0.5979073243647235,0.12855007473841554,0.07772795216741404,0.023168908819133034,0.07847533632286996,0.08146487294469357,0,0,0.004484304932735426,0.008221225710014948,0,24,0,0,0,0,0,0.2795216741405082,0.11808669656203288,0.005979073243647235,0,0,0,0,0,0,0,0,0,12,18,0,0,1,0.18460388639760836,0,0.06801195814648729,0.023168908819133034,0.07847533632286996,0.08146487294469357,0,0,0.004484304932735426,0.008221225710014948,0.187593423019432,0.13303437967115098,0.07847533632286996,0.005979073243647235,0.11808669656203288,0,0.17787742899850523,0.004484304932735426,0.07847533632286996,-24,0,0,-0.11360239162929746,0.17189835575485798,4.6,0.4,1,1335,6,5,8,0,0,4,25,0,0,0,0,0,0.6284644194756555,0.03520599250936329,0.05917602996254682,0.023220973782771534,0.1543071161048689,0.08239700374531835,0.006741573033707865,0,0.010486891385767791,0,0,0,0,2,0,0,0,0.4037453183520599,0.01647940074906367,0,0,0,0,0.018726591760299626,0,0.010486891385767791,0,0,0,3,16,0,0,0,0.2247191011235955,0,0.02846441947565543,0.023220973782771534,0.10187265917602996,0.07116104868913857,0,0,0,0,0.23670411985018727,0.052434456928838954,0.16104868913857678,0,0.045692883895131084,0.018726591760299626,0.15355805243445692,0,0.10187265917602996,0,0,0,-0.045692883895131084,0.15355805243445692,4.6,1,-7,-8,0,-26,-10,0,0,-1,-1,0.030557095110931964,-0.09334408222905224,-0.018551922204867226,-24,0,-9,0,-1,0.04011521472598714,0,0.04911069683075528,-0.08059992274231202,0.08257335281570682,-0.0723938126669018,-0.02431937656404831,-0.004484304932735426,0.02339732285316,yes
round6maleblack,4.5,0.8,3,1413,6,11,11,0,2,0,2,0,0,0,1,-1,0.33970276008492567,0.16206652512384997,0.04670912951167728,0,0.006369426751592357,0.00778485491861288,0,0.24557678697806087,0,0,0,0,0,0,0,0,0,0.25902335456475584,0.014154281670205236,0,0,0,0.006369426751592357,0,0.01556970983722576,0,0,0,0,0,2,0,0,0,0,0.11535739561217269,0.012738853503184714,0,0.006369426751592357,0.0014154281670205238,0,0.2300070771408351,0,0,0.05307855626326964,0.40764331210191085,0.006369426751592357,0,0.029723991507430998,0,0.01910828025477707,0.3453644727530078,0.006369426751592357,0,0,0,0.3156404812455768,0.01910828025477707,4.5,0.8,3,-2167,5,15,15,16,16,4,5,0,0,0,3,-3,-0.11398246423627134,1.3530226119058606,-0.08814028610982926,-0.009690816797415782,-0.011998154130133826,-0.021227503461006,-0.03922473465620674,-0.01015228426395939,-0.05491462851868943,-0.0036917397323488694,2,15,3,4,0,0,0,-0.031841255191509,-0.15366866635902168,-0.042455006922012,-0.009690816797415782,-0.011998154130133826,-0.011536686663590217,-0.0027688047992616522,-0.00692201199815413,-0.0023073373327180432,-0.0036917397323488694,14,1,0,1,0,0,0,-0.011536686663590217,1.5140747577295801,-0.019381633594831565,-0,-0,-0.009690816797415782,-0.03645592985694508,-0,-0.05260729118597139,-0,-0.11352099676972774,1.248730964467005,-0.05122288878634056,-0.06783571758191048,-0.16566682048915551,-0.014766958929395477,-0.019381633594831565,1.4250115366866636,-0.03645592985694508,-14,0,0,1.5906783571758192,0.048454083987078914,4.5,3,4,4,16,14,4,0,0,0,-2,-0.453685224321197,1.1909560867820106,-0.13484941562150654,15,0,0,0,0,-0.011536686663590217,1.3987173621174074,-0.1665995530329974,0.8410876523650942,-0.05759231553793292,-0.1953908119965865,-0.038489913849608634,1.0796470639336557,-0.04282535660853744,yes
round6maleblue,4.5,0.8,2,2706,9,25,19,0,10,6,16,2,1,0,6,-5,0.09090909090909091,0.06319290465631928,0.03325942350332594,0.06023651145602365,0.016260162601626018,0.11936437546193644,0.0679970436067997,0.5236511456023651,0,0,0,7,3,8,0,0,0,0.0025868440502586844,0.03547671840354767,0.024390243902439025,0.038063562453806356,0.016260162601626018,0.06060606060606061,0.021433850702143386,0.491869918699187,0,0,0,2,1,4,2,1,0,0.08832224685883222,0.02254249815225425,0.0066518847006651885,0,0,0.044715447154471545,0.04656319290465632,0,0,0,0.10975609756097561,0.6548410938654841,0.08425720620842572,0.0787139689578714,0.5487804878048781,0.037694013303769404,0.0066518847006651885,0.06910569105691057,0.04656319290465632,-5,2,1,-0.47967479674796754,-0.07206208425720621,NA,NA,NA,NA,NA,NA,NA,NA,NA,NA,NA,NA,NA,NA,NA,NA,NA,NA,NA,NA,NA,NA,NA,NA,NA,NA,NA,NA,NA,NA,NA,NA,NA,NA,NA,NA,NA,NA,NA,NA,NA,NA,NA,NA,NA,NA,NA,NA,NA,NA,NA,NA,NA,NA,NA,NA,NA,NA,NA,NA,NA,NA,NA,NA,NA,NA,NA,NA,NA,NA,NA,NA,NA,NA,4.5,2,NA,NA,NA,NA,NA,NA,NA,NA,NA,NA,NA,NA,NA,NA,NA,NA,NA,NA,NA,NA,NA,NA,NA,NA,NA,NA,no
round6malegreen,4.3,1,4,1389,11,31,2,1,9,2,25,1,0,0,0,0,0.5406767458603312,0.16702663786897048,0.11447084233261338,0,0.0064794816414686825,0.06911447084233262,0.09071274298056156,0.010079193664506839,0,0,1,6,2,22,1,0,0,0.056155507559395246,0.128869690424766,0.07991360691144708,0,0.0064794816414686825,0.06911447084233262,0.09071274298056156,0,0,0,0,0,0,0,0,0,0,0.4319654427645788,0,0,0,0,0,0,0,0,0,0.12095032397408208,0.2678185745140389,0.09719222462203024,0.08639308855291576,0.21958243340532757,0.09719222462203024,0,0,0,-6,-1,0,-0.21958243340532757,-0.08639308855291576,4.3,1,4,1403,6,12,9,1,22,3,6,1,0,0,2,-2,0.7120456165359943,0.21454027084818247,0.030648610121168925,0,0,0.022095509622238062,0.006414825374198147,0.014255167498218105,0,0,0,6,3,0,0,0,0,0.32501781895937276,0.05773342836778332,0.030648610121168925,0,0,0,0,0,0,0,0,14,0,4,1,0,0,0.2551674982181041,0.14468995010691377,0,0,0,0.022095509622238062,0.006414825374198147,0,0,0,0.030648610121168925,0.23521026372059872,0.006414825374198147,0.030648610121168925,0.05773342836778332,0,0,0.1511047754811119,0.006414825374198147,8,1,0,0.09337134711332858,-0.030648610121168925,4.3,4,-19,7,0,13,1,0,0,0,-2,0.1713688706756631,0.04751363297921199,-0.08382223221144446,0,-1,0,1,0,-0.17679794454647474,0.14468995010691377,-0.09030171385291315,-0.032608310793440176,-0.0907773992478321,-0.16184900503754424,0,0.1511047754811119,0.006414825374198147,yes
round6maleorange,3.9,1.1,1,1413,15,9,21,0,23,3,7,2,0,1,1,0,0.33899504600141545,0.32200990799716916,0.024062278839348902,0.00778485491861288,0.15852795470629866,0.06723283793347487,0.005661712668082095,0.02689313517338995,0.026185421089879687,0.02264685067232838,0,13,0,0,1,0,0,0.15711252653927812,0.1259731068648266,0,0,0.1259731068648266,0.009200283085633405,0,0.005661712668082095,0,0,0,10,3,3,1,0,1,0.1521585279547063,0.19603680113234254,0.021231422505307854,0,0.004246284501061571,0.01556970983722576,0,0.017692852087756547,0.026185421089879687,0.005661712668082095,0.21302193913658882,0.38075017692852087,0.16418966737438076,0.1259731068648266,0.1316348195329087,0.1259731068648266,0.03113941967445152,0.23991507430997877,0.004246284501061571,-3,0,0,0.10828025477707007,-0.09483368719037508,NA,NA,NA,NA,NA,NA,NA,NA,NA,NA,NA,NA,NA,NA,NA,NA,NA,NA,NA,NA,NA,NA,NA,NA,NA,NA,NA,NA,NA,NA,NA,NA,NA,NA,NA,NA,NA,NA,NA,NA,NA,NA,NA,NA,NA,NA,NA,NA,NA,NA,NA,NA,NA,NA,NA,NA,NA,NA,NA,NA,NA,NA,NA,NA,NA,NA,NA,NA,NA,NA,NA,NA,NA,NA,3.9,1,NA,NA,NA,NA,NA,NA,NA,NA,NA,NA,NA,NA,NA,NA,NA,NA,NA,NA,NA,NA,NA,NA,NA,NA,NA,NA,no
round6malepurple,4.5,0.5,1,1388,5,36,31,0,26,1,12,1,1,1,0,2,0.32060518731988474,0.39985590778097985,0.14048991354466858,0,0,0.059077809798270896,0.012247838616714697,0.05187319884726225,0.011527377521613832,0.004322766570605188,0,8,0,4,1,0,0,0.12103746397694524,0.16138328530259366,0.09293948126801153,0,0,0.010086455331412104,0.0036023054755043226,0.01585014409221902,0.010086455331412104,0.002881844380403458,0,17,1,8,0,1,1,0.07348703170028818,0.23198847262247838,0.04755043227665706,0,0,0.04899135446685879,0.008645533141210375,0.018731988472622477,0.001440922190201729,0.001440922190201729,0.14481268011527376,0.4755043227665706,0.012247838616714697,0.09582132564841499,0.1909221902017291,0.0036023054755043226,0.04899135446685879,0.260806916426513,0.008645533141210375,9,-1,1,0.0698847262247839,-0.0468299711815562,NA,NA,NA,NA,NA,NA,NA,NA,NA,NA,NA,NA,NA,NA,NA,NA,NA,NA,NA,NA,NA,NA,NA,NA,NA,NA,NA,NA,NA,NA,NA,NA,NA,NA,NA,NA,NA,NA,NA,NA,NA,NA,NA,NA,NA,NA,NA,NA,NA,NA,NA,NA,NA,NA,NA,NA,NA,NA,NA,NA,NA,NA,NA,NA,NA,NA,NA,NA,NA,NA,NA,NA,NA,NA,4.5,1,NA,NA,NA,NA,NA,NA,NA,NA,NA,NA,NA,NA,NA,NA,NA,NA,NA,NA,NA,NA,NA,NA,NA,NA,NA,NA,no
round6malewhite,4.1,1.2,3,1391,10,19,22,0,29,3,10,2,1,1,0,2,0.06685837526959022,0.503235082674335,0.12652767792954708,0.03163191948238677,0.024442846872753415,0.035945363048166784,0.13156002875629044,0.06326383896477354,0.014378145219266714,0.002156721782890007,0,15,0,6,1,0,0,0,0.17038102084831055,0.05966930265995687,0.02875629043853343,0,0.012940330697340043,0.11214953271028037,0.04744787922358016,0,0,0,14,2,4,1,1,1,0.055355859094176854,0.2523364485981308,0.024442846872753415,0,0.024442846872753415,0.023005032350826744,0.019410496046010063,0.015815959741193385,0.014378145219266714,0.002156721782890007,0.18475916606757728,0.7124370956146657,0.15600287562904386,0.0884255930984903,0.3299784327821711,0.11214953271028037,0.051042415528396834,0.301941049604601,0.04385334291876348,-1,0,1,-0.028037383177570097,-0.03738317757009346,4.1,1.2,4,1406,8,33,9,2,40,10,15,0,0,0,2,-2,0.11593172119487909,0.4601706970128023,0.09743954480796586,0,0.06472261735419631,0.15362731152204837,0.044096728307254626,0.0561877667140825,0.002844950213371266,0.004978662873399715,0,15,6,11,0,0,0,0.031294452347083924,0.13726884779516357,0.06472261735419631,0,0.06472261735419631,0.07539118065433854,0.007823613086770981,0.03769559032716927,0.002844950213371266,0.004978662873399715,2,24,3,0,0,0,0,0.08463726884779517,0.2958748221906117,0.027738264580369845,0,0,0,0,0.01849217638691323,0,0,0.16714082503556188,0.5633001422475107,0.10881934566145092,0.13442389758179232,0.1856330014224751,0.07254623044096728,0.027738264580369845,0.31436699857752487,0,9,0,0,0.12873399715504977,-0.10668563300142248,4.1,3,14,-13,2,11,7,-2,-1,-1,-4,0.049073345925288864,-0.043064385661532756,-0.02908813312158122,0,-1,1,-1,-1,0.029281409753618315,0.04353837359248086,-0.0176183410320154,-0.14913695336715505,-0.04718352996759294,-0.144345431359696,-0.02330415094802699,0.012425948972923873,-0.04385334291876348,yes
round6maleyellow,4.2,2.2,2,1406,10,13,18,0,22,0,15,1,0,0,0,0,0.29871977240398295,0.3940256045519203,0.03769559032716927,0,0,0.04054054054054054,0.18207681365576103,0.034139402560455195,0.012802275960170697,0,0,10,0,5,1,0,0,0.0953058321479374,0.23399715504978663,0.014935988620199146,0,0,0.010668563300142247,0.07681365576102418,0,0.0035561877667140826,0,0,11,0,10,0,0,0,0.16145092460881935,0.1507823613086771,0.005689900426742532,0,0,0.023470839260312945,0.08036984352773827,0,0.004267425320056899,0,0.03769559032716927,0.6230440967283073,0.18207681365576103,0.014935988620199146,0.31436699857752487,0.07681365576102418,0.005689900426742532,0.23541963015647227,0.08036984352773827,1,-1,0,-0.0789473684210526,-0.009246088193456615,4.2,2.2,2,1349,11,20,25,3,27,18,10,0,0,0,4,-4,0.385470719051149,0.28317272053372866,0.12305411415863603,0.0014825796886582653,0.026686434395848776,0.013343217197924388,0.03780578206078577,0.06300963676797627,0.029651593773165306,0.0363232023721275,0,19,8,4,0,0,0,0.12305411415863603,0.21200889547813195,0.06893995552260934,0,0.017790956263899184,0,0,0.01927353595255745,0,0.0037064492216456633,3,8,8,5,0,0,0,0.1697553743513714,0.07116382505559674,0.034840622683469234,0,0,0.011860637509266123,0.017790956263899184,0.04373610081541883,0.025945144551519646,0.029651593773165306,0.18754633061527057,0.41363973313565605,0.06449221645663454,0.0904373610081542,0.2312824314306894,0.017790956263899184,0.06449221645663454,0.1586360266864344,0.017790956263899184,-11,0,0,-0.07264640474425502,-0.025945144551519653,4.2,2,7,7,3,5,18,-1,0,0,-4,0.08675094664716604,-0.11085288401819166,0.08535852383146675,9,-1,8,0,0,0.00830444974255204,-0.07961853625308035,0.1498507402881013,-0.20940436359265124,-0.11758459719912649,-0.08308456714683546,0.058802316029892006,-0.07678360347003788,-0.06257888726383909,yes
round7maleblue,4.8,0.2,1,1461,11,16,5,3,18,0,5,0,0,0,0,0,0.6194387405886379,0.1759069130732375,0.008213552361396304,0.03969883641341547,0.008213552361396304,0.002053388090349076,0.1327857631759069,0,0.013689253935660506,0,2,10,0,3,0,0,0,0.13963039014373715,0.08281998631074607,0,0.03969883641341547,0,0.002053388090349076,0.1327857631759069,0,0.013689253935660506,0,1,5,0,1,0,0,0,0.34428473648186175,0.06639288158795345,0,0,0,0,0,0,0,0,0.05612594113620808,0.32238193018480493,0.14099931553730322,0.03969883641341547,0.2292950034223135,0.1327857631759069,0,0.06639288158795345,0,-5,0,0,-0.16290212183436004,-0.03969883641341547,4.8,0.2,1,1392,3,2,8,0,38,0,7,0,0,0,0,0,0.4906609195402299,0.3146551724137931,0,0,0,0.10991379310344827,0.05675287356321839,0.02514367816091954,0.0028735632183908046,0,0,28,0,0,0,0,0,0.21551724137931033,0.21551724137931033,0,0,0,0,0,0,0,0,0,10,0,7,0,0,0,0.14080459770114942,0.09913793103448276,0,0,0,0.10775862068965517,0.05531609195402299,0.02514367816091954,0.0028735632183908046,0,0,0.3994252873563218,0.05675287356321839,0,0.21551724137931033,0,0,0.1824712643678161,0.05531609195402299,-18,0,0,-0.033045977011494226,0,4.8,1,-14,3,-3,20,0,0,0,0,0,-0.12877782104840801,0.1387482593405556,-0.008213552361396304,18,0,0,0,0,-0.20348013878071233,0.03274504944652931,-0.05612594113620808,0.07704335717151689,-0.08424644197408482,-0.013777762043003156,0,0.11607838277986265,0.05531609195402299,yes
round7malegreen,4.6,0.7,3,1380,3,13,11,0,27,3,12,0,0,0,0,0,0.4282608695652174,0.24782608695652175,0.021014492753623187,0,0.016666666666666666,0.02318840579710145,0.19420289855072465,0.05652173913043478,0.012318840579710146,0,0,16,0,2,0,0,0,0.19710144927536233,0.10507246376811594,0,0,0.016666666666666666,0.007971014492753623,0.06304347826086956,0.04492753623188406,0,0,0,11,3,6,0,0,0,0.23115942028985506,0.10797101449275362,0.021014492753623187,0,0,0.015217391304347827,0.04710144927536232,0,0.012318840579710146,0,0.03768115942028986,0.5108695652173914,0.2108695652173913,0.016666666666666666,0.21304347826086956,0.07971014492753623,0.021014492753623187,0.1673913043478261,0.04710144927536232,-5,0,0,-0.045652173913043465,0.004347826086956521,4.6,0.7,3,1360,13,32,22,0,15,8,19,0,0,0,0,0,0.24705882352941178,0.20220588235294118,0.07720588235294118,0,0.051470588235294115,0.08308823529411764,0.18823529411764706,0,0.13308823529411765,0.01764705882352941,0,10,8,9,0,0,0,0.10955882352941176,0.08529411764705883,0.07058823529411765,0,0.021323529411764706,0.025,0.06102941176470588,0,0.04485294117647059,0.007352941176470588,0,2,0,4,0,0,0,0.13455882352941176,0.07941176470588235,0.006617647058823529,0,0.016911764705882352,0.03676470588235294,0.061764705882352944,0,0.08823529411764706,0.010294117647058823,0.1463235294117647,0.5235294117647059,0.23970588235294119,0.09926470588235294,0.19117647058823528,0.08235294117647059,0.033823529411764704,0.22941176470588234,0.07867647058823529,-8,0,0,0.03823529411764706,-0.06544117647058822,4.6,3,19,11,0,-12,5,0,0,0,0,-0.18120204603580564,-0.04562020460358057,0.05619138959931799,-6,0,-3,0,0,-0.0966005967604433,-0.02855924978687127,0.10864236999147486,0.012659846547314557,0.028836317135549877,-0.021867007672634275,0.012809036658141516,0.06202046035805625,0.03157502131287297,yes
round7maleorange,5.2,1.2,2,1472,21,26,8,1,24,14,17,1,0,0,3,-3,0.468070652173913,0.22554347826086957,0.07336956521739131,0.006793478260869565,0.04823369565217391,0.01970108695652174,0.10733695652173914,0.018342391304347828,0.030570652173913044,0.0020380434782608695,1,22,3,9,0,0,0,0.07269021739130435,0.19429347826086957,0.01358695652173913,0,0.007472826086956522,0.008831521739130434,0.078125,0,0.030570652173913044,0.0020380434782608695,0,1,7,1,1,0,0,0.3498641304347826,0.022418478260869564,0.02377717391304348,0,0,0,0.01154891304347826,0,0,0,0.13043478260869565,0.38179347826086957,0.15557065217391305,0.02309782608695652,0.3029891304347826,0.08559782608695653,0.02377717391304348,0.033967391304347824,0.01154891304347826,-21,1,0,-0.26902173913043476,6.793478260869595e-4,NA,NA,NA,NA,NA,NA,NA,NA,NA,NA,NA,NA,NA,NA,NA,NA,NA,NA,NA,NA,NA,NA,NA,NA,NA,NA,NA,NA,NA,NA,NA,NA,NA,NA,NA,NA,NA,NA,NA,NA,NA,NA,NA,NA,NA,NA,NA,NA,NA,NA,NA,NA,NA,NA,NA,NA,NA,NA,NA,NA,NA,NA,NA,NA,NA,NA,NA,NA,NA,NA,NA,NA,NA,NA,5.2,2,NA,NA,NA,NA,NA,NA,NA,NA,NA,NA,NA,NA,NA,NA,NA,NA,NA,NA,NA,NA,NA,NA,NA,NA,NA,NA,no
round7malepink,5.2,0.1,4,1080,7,12,12,5,2,8,8,0,0,0,0,0,0.5027777777777778,0.11388888888888889,0.14074074074074075,0.010185185185185186,0.07314814814814814,0.09074074074074075,0.005555555555555556,0,0.028703703703703703,0.03425925925925926,4,0,1,2,0,0,0,0.3277777777777778,0.04537037037037037,0.05462962962962963,0.010185185185185186,0.037037037037037035,0.057407407407407414,0,0,0.013888888888888888,0.009259259259259259,1,1,5,5,0,0,0,0.0787037037037037,0.022222222222222223,0.07037037037037037,0,0.03425925925925926,0.03148148148148148,0.005555555555555556,0,0.010185185185185186,0.025,0.25833333333333336,0.14814814814814814,0.0787037037037037,0.1111111111111111,0.05925925925925926,0.037037037037037035,0.12962962962962962,0.03796296296296296,0.03981481481481482,1,0,0,-0.0212962962962963,0.018518518518518517,NA,NA,NA,NA,NA,NA,NA,NA,NA,NA,NA,NA,NA,NA,NA,NA,NA,NA,NA,NA,NA,NA,NA,NA,NA,NA,NA,NA,NA,NA,NA,NA,NA,NA,NA,NA,NA,NA,NA,NA,NA,NA,NA,NA,NA,NA,NA,NA,NA,NA,NA,NA,NA,NA,NA,NA,NA,NA,NA,NA,NA,NA,NA,NA,NA,NA,NA,NA,NA,NA,NA,NA,NA,NA,5.2,4,NA,NA,NA,NA,NA,NA,NA,NA,NA,NA,NA,NA,NA,NA,NA,NA,NA,NA,NA,NA,NA,NA,NA,NA,NA,NA,no
round7malepurple,5,0.3,3,1473,14,15,15,6,20,10,7,1,0,0,1,-1,0.17311608961303462,0.3910386965376782,0.08893414799728445,0.015614392396469789,0.016293279022403257,0.1011541072640869,0.12491513917175831,0.051595383570943655,0.027834351663272233,0.009504412763068567,2,17,2,5,0,0,0,0.048200950441276307,0.2355736591989138,0.0461642905634759,0,0.011541072640868975,0.02376103190767142,0.025118805159538356,0,0.00746775288526816,0.009504412763068567,4,3,8,0,1,0,0,0.09708078750848609,0.11541072640868975,0.026476578411405296,0,0,0.07128309572301425,0.07671418873048201,0.0033944331296673455,0.015614392396469789,0,0.13034623217922606,0.5953835709436525,0.14120841819416158,0.06720977596741344,0.2681602172437203,0.03665987780040733,0.026476578411405296,0.2111337406653089,0.07671418873048201,-14,1,0,-0.057026476578411395,-0.04073319755600814,NA,NA,NA,NA,NA,NA,NA,NA,NA,NA,NA,NA,NA,NA,NA,NA,NA,NA,NA,NA,NA,NA,NA,NA,NA,NA,NA,NA,NA,NA,NA,NA,NA,NA,NA,NA,NA,NA,NA,NA,NA,NA,NA,NA,NA,NA,NA,NA,NA,NA,NA,NA,NA,NA,NA,NA,NA,NA,NA,NA,NA,NA,NA,NA,NA,NA,NA,NA,NA,NA,NA,NA,NA,NA,5,3,NA,NA,NA,NA,NA,NA,NA,NA,NA,NA,NA,NA,NA,NA,NA,NA,NA,NA,NA,NA,NA,NA,NA,NA,NA,NA,no
round7maleyellow,4.1,0.9,1,1380,6,5,20,4,29,0,1,2,0,0,0,0,0.33768115942028987,0.43768115942028984,0.006521739130434782,0,0.006521739130434782,0.04927536231884058,0.050724637681159424,0.05434782608695652,0.05144927536231884,0.005797101449275362,2,13,0,0,0,0,0,0.05579710144927536,0.29347826086956524,0,0,0,0,0,0.050724637681159424,0.034782608695652174,0,2,14,0,1,2,0,0,0.21739130434782608,0.08840579710144927,0,0,0.006521739130434782,0.04927536231884058,0.050724637681159424,0,0.016666666666666666,0.005797101449275362,0.01884057971014493,0.5942028985507246,0.0572463768115942,0,0.3789855072463768,0,0.012318840579710146,0.15579710144927536,0.0572463768115942,1,2,0,-0.22318840579710145,0.012318840579710146,4.1,0.9,1,1424,11,21,4,0,52,9,3,0,0,0,0,0,0.11446629213483146,0.6867977528089888,0.11235955056179775,0.06530898876404495,0,0,0.007022471910112359,0.014044943820224719,0,0,0,33,7,3,0,0,0,0.037219101123595506,0.23384831460674158,0.10323033707865169,0.03300561797752809,0,0,0,0.014044943820224719,0,0,0,16,0,0,0,0,0,0,0.4143258426966292,0,0,0,0,0.007022471910112359,0,0,0,0.1776685393258427,0.7078651685393258,0.007022471910112359,0.13623595505617977,0.2478932584269663,0,0,0.42134831460674155,0.007022471910112359,-17,0,0,0.17345505617977525,-0.13623595505617977,4.1,1,16,-16,-4,23,9,-2,0,0,0,-0.22321486728545842,0.24911659338869896,0.10583781143136296,20,0,0,-2,0,-0.21739130434782608,0.32592004559517995,0.15882795961569776,0.11366226998860118,-0.05022390490148185,-0.1310922488194105,-0.012318840579710146,0.2655512131574662,-0.05022390490148185,yes
round8maleblack,5,0.3,4,1423,7,2,2,0,3,1,2,0,0,0,0,0,0.8728039353478566,0.08222066057624737,0.025298664792691498,0,0,0,0.019676739283204497,0,0,0,0,0,0,0,0,0,0,0.42164441321152496,0,0,0,0,0,0,0,0,0,0,0,0,0,0,0,0,0.42164441321152496,0,0,0,0,0,0,0,0,0,0.025298664792691498,0.10189739985945186,0.019676739283204497,0,0,0,0,0,0,0,0,0,0,0,NA,NA,NA,NA,NA,NA,NA,NA,NA,NA,NA,NA,NA,NA,NA,NA,NA,NA,NA,NA,NA,NA,NA,NA,NA,NA,NA,NA,NA,NA,NA,NA,NA,NA,NA,NA,NA,NA,NA,NA,NA,NA,NA,NA,NA,NA,NA,NA,NA,NA,NA,NA,NA,NA,NA,NA,NA,NA,NA,NA,NA,NA,NA,NA,NA,NA,NA,NA,NA,NA,NA,NA,NA,NA,5,4,NA,NA,NA,NA,NA,NA,NA,NA,NA,NA,NA,NA,NA,NA,NA,NA,NA,NA,NA,NA,NA,NA,NA,NA,NA,NA,no
round8maleblue,5.2,1.2,2,1416,5,4,24,0,6,4,9,0,0,0,0,0,0.83545197740113,0.03672316384180791,0.038135593220338986,0,0.023305084745762712,0.02401129943502825,0.01694915254237288,0,0.01694915254237288,0.00847457627118644,0,2,0,0,0,0,0,0.4159604519774011,0.007768361581920904,0,0,0,0,0,0,0,0,0,4,2,9,0,0,0,0.2747175141242938,0.028954802259887006,0.03531073446327684,0,0.023305084745762712,0.02401129943502825,0.01694915254237288,0,0.01694915254237288,0.0035310734463276836,0.06991525423728813,0.07062146892655367,0.04025423728813559,0,0.007768361581920904,0,0.062146892655367235,0.06285310734463277,0.04025423728813559,2,0,0,0.05508474576271187,0.062146892655367235,NA,NA,NA,NA,NA,NA,NA,NA,NA,NA,NA,NA,NA,NA,NA,NA,NA,NA,NA,NA,NA,NA,NA,NA,NA,NA,NA,NA,NA,NA,NA,NA,NA,NA,NA,NA,NA,NA,NA,NA,NA,NA,NA,NA,NA,NA,NA,NA,NA,NA,NA,NA,NA,NA,NA,NA,NA,NA,NA,NA,NA,NA,NA,NA,NA,NA,NA,NA,NA,NA,NA,NA,NA,NA,5.2,2,NA,NA,NA,NA,NA,NA,NA,NA,NA,NA,NA,NA,NA,NA,NA,NA,NA,NA,NA,NA,NA,NA,NA,NA,NA,NA,no
round8malegreen,4.7,0.6,3,1414,4,8,17,0,48,4,10,0,0,0,2,-2,0.13578500707213578,0.5028288543140028,0.0586987270155587,0,0.11456859971711457,0.03606789250353607,0.04384724186704385,0.07001414427157002,0.03041018387553041,0.007779349363507779,0,35,0,1,0,0,0,0,0.3727015558698727,0,0,0,0,0.02050919377652051,0.031117397454031116,0,0,0,12,3,6,0,0,0,0.042432814710042434,0.11456859971711457,0.04738330975954738,0,0.11456859971711457,0.03606789250353607,0.02333804809052334,0.007779349363507779,0.03041018387553041,0.007779349363507779,0.18104667609618105,0.6471004243281471,0.15841584158415842,0,0.4243281471004243,0.02050919377652051,0.16973125884016974,0.1760961810466761,0.1379066478076379,-23,0,0,-0.24823196605374823,0.16973125884016974,4.7,0.6,3,1642,5,22,11,0,17,10,7,0,0,0,1,-1,0.5809987819732034,0.2320341047503045,0.027405602923264313,0.014007308160779537,0.010962241169305725,0.004263093788063338,0.044457978075517664,0,0.08221680876979294,0.0036540803897685747,0,10,9,7,0,0,0,0.10596833130328867,0.14372716199756394,0.025578562728380026,0.014007308160779537,0,0,0.044457978075517664,0,0,0.0036540803897685747,0,6,0,0,0,0,0,0.1961023142509135,0.08221680876979294,6.090133982947625e-4,0,0,0.004263093788063338,0,0,0.08221680876979294,0,0.05602923264311815,0.3587088915956151,0.055420219244823384,0.043239951278928136,0.1881851400730816,0.044457978075517664,6.090133982947625e-4,0.16443361753958588,0,-4,0,0,-0.023751522533495717,-0.04263093788063337,4.7,3,14,-6,0,-31,6,0,0,0,1,0.4452137749010676,-0.2707947495636983,-0.031293124092294386,-25,0,-3,0,0,0.15366949954087109,-0.03235179094732163,-0.1250174434530629,-0.288391532732532,-0.10299562233933504,-0.23614300702734273,-0.16912224544187499,-0.011662563507090218,-0.1379066478076379,yes
round8maleorange,3.9,1.1,1,1399,5,8,14,0,15,3,28,0,0,0,0,0,0,0.18513223731236597,0.02573266619013581,0.06790564689063616,0.33452466047176554,0.1937097927090779,0.182987848463188,0,0,0.010007147962830594,0,3,0,21,0,0,0,0,0.017155110793423873,0,0.01143674052894925,0.2215868477483917,0.14081486776268765,0.03788420300214439,0,0,0,0,12,2,7,0,0,0,0,0.1679771265189421,0.008577555396711936,0,0.04431736954967835,0.05289492494639028,0.1451036454610436,0,0,0.010007147962830594,0.4381701215153681,0.36812008577555394,0.5175125089349535,0.23302358827734096,0.055039313795568263,0.2594710507505361,0.06290207290922087,0.3130807719799857,0.18942101501072195,9,0,0,0.2580414581844174,-0.1701215153681201,3.9,1.1,1,1376,7,13,6,0,41,1,13,2,0,0,0,0,0.16497093023255813,0.4004360465116279,0.015261627906976744,0.23546511627906977,7.267441860465116e-4,0.02688953488372093,0.07049418604651163,0.06613372093023256,0.019622093023255814,0,0,8,1,10,0,0,0,0,0.12790697674418605,0.015261627906976744,0.17369186046511628,7.267441860465116e-4,0.02180232558139535,0.06395348837209303,0.02252906976744186,0.010174418604651164,0,0,31,0,0,2,0,0,0.16497093023255813,0.2616279069767442,0,0,0,0,0,0,0.00944767441860465,0,0.251453488372093,0.5566860465116279,0.07122093023255814,0.18968023255813954,0.2245639534883721,0.06468023255813954,0,0.2710755813953488,0,23,2,0,0.046511627906976716,-0.18968023255813954,3.9,1,5,-8,0,26,-2,2,0,0,0,0.16497093023255813,0.21530380919926193,-0.010471038283159068,5,0,-2,2,0,0.16497093023255813,0.09365078045780212,-0.18671663314327508,0.18856596073607396,-0.44629157870239533,0.16952463969280385,-0.06290207290922087,-0.042005190584636865,-0.18942101501072195,yes
round8malepink,4.8,0.2,1,1418,6,16,7,0,7,1,16,1,0,0,0,0,0.2066290550070522,0.05853314527503526,0.04160789844851904,0.09449929478138223,0,0.0684062059238364,0.4675599435825106,0.04866008462623413,0.014104372355430184,0,0,6,0,12,0,0,0,0,0.05853314527503526,0,0,0,0.03244005641748942,0.2743300423131171,0.04866008462623413,0.009167842031029619,0,0,1,0,0,1,0,0,0.2066290550070522,0,0,0,0,0.029619181946403384,0.18194640338504936,0,0.004936530324400564,0,0.13610719322990128,0.5888575458392101,0.4675599435825106,0,0.3906911142454161,0.2743300423131171,0,0.18688293370944992,0.18194640338504936,-5,1,0,-0.20380818053596617,0,NA,NA,NA,NA,NA,NA,NA,NA,NA,NA,NA,NA,NA,NA,NA,NA,NA,NA,NA,NA,NA,NA,NA,NA,NA,NA,NA,NA,NA,NA,NA,NA,NA,NA,NA,NA,NA,NA,NA,NA,NA,NA,NA,NA,NA,NA,NA,NA,NA,NA,NA,NA,NA,NA,NA,NA,NA,NA,NA,NA,NA,NA,NA,NA,NA,NA,NA,NA,NA,NA,NA,NA,NA,NA,4.8,1,NA,NA,NA,NA,NA,NA,NA,NA,NA,NA,NA,NA,NA,NA,NA,NA,NA,NA,NA,NA,NA,NA,NA,NA,NA,NA,no
round8malepurple,5,0.3,3,1422,12,12,5,0,5,6,6,0,2,0,1,1,0.849507735583685,0.04289732770745429,0.04922644163150492,0.007735583684950774,0.01617440225035162,0.011251758087201125,0.011954992967651195,0.004922644163150493,0,0.006329113924050633,0,3,1,4,0,0,0,0.3459915611814346,0.028129395218002812,0.011954992967651195,0.005625879043600563,0.007032348804500703,0.011251758087201125,0.011954992967651195,0,0,0,0,0,4,0,0,2,0,0.3888888888888889,0,0.03305203938115331,0,0,0,0,0,0,0,0.07946554149085795,0.05977496483825598,0.028129395218002812,0.02461322081575246,0.04008438818565401,0.0189873417721519,0.03305203938115331,0,0,-3,0,2,-0.04008438818565401,0.008438818565400848,NA,NA,NA,NA,NA,NA,NA,NA,NA,NA,NA,NA,NA,NA,NA,NA,NA,NA,NA,NA,NA,NA,NA,NA,NA,NA,NA,NA,NA,NA,NA,NA,NA,NA,NA,NA,NA,NA,NA,NA,NA,NA,NA,NA,NA,NA,NA,NA,NA,NA,NA,NA,NA,NA,NA,NA,NA,NA,NA,NA,NA,NA,NA,NA,NA,NA,NA,NA,NA,NA,NA,NA,NA,NA,5,3,NA,NA,NA,NA,NA,NA,NA,NA,NA,NA,NA,NA,NA,NA,NA,NA,NA,NA,NA,NA,NA,NA,NA,NA,NA,NA,no
round8malewhite,4.5,0.8,4,1418,6,6,8,0,34,0,2,0,0,0,0,0,0.3751763046544429,0.45698166431593795,0,0,0,0,0.0380818053596615,0.021861777150916785,0.1078984485190409,0,0,26,0,0,0,0,0,0.14880112834978843,0.2679830747531735,0,0,0,0,0.003526093088857546,0,0.0028208744710860366,0,0,7,0,0,0,0,0,0.2066290550070522,0.11283497884344147,0,0,0,0,0.013399153737658674,0.007757404795486601,0.08251057827926657,0,0,0.6248236953455572,0.0380818053596615,0,0.2743300423131171,0.003526093088857546,0,0.2165021156558533,0.013399153737658674,-19,0,0,-0.05782792665726377,0,4.5,0.8,4,1391,7,12,14,0,16,17,29,0,0,0,0,0,0.42127965492451475,0.06973400431344356,0.14593817397555714,0,0.004313443565780014,0.11358734723220705,0.15815959741193386,0.07189072609633357,0.01509705248023005,0,0,4,0,21,0,0,0,0.18188353702372395,0.05751258087706686,0.007189072609633357,0,0,0.06326383896477354,0.08339324227174695,0.03235082674335011,0.005751258087706686,0,0,11,17,8,0,0,0,0.14953271028037382,0.009345794392523364,0.12724658519051044,0,0.004313443565780014,0.0503235082674335,0.041696621135873475,0.039539899352983465,0.009345794392523364,0,0.15025161754133717,0.31488138030194107,0.16247304097771387,0.007189072609633357,0.1790079079798706,0.08339324227174695,0.13156002875629044,0.09992810927390366,0.04601006470165349,7,0,0,-0.07907979870596693,0.12437095614665708,4.5,4,6,6,0,-18,17,0,0,0,0,0.04610335027007184,-0.3872476600024944,0.14593817397555714,-22,0,17,0,0,-0.05709634472667838,-0.1034891844509181,0.15025161754133717,-0.3099423150436161,0.12439123561805238,-0.09532213433324649,0.13156002875629044,-0.11657400638194965,0.032610910963994814,yes
round8maleyellow,3.9,2.5,2,1407,8,12,23,0,57,4,9,7,0,0,0,0,0.07604832977967306,0.5863539445628998,0.029850746268656716,0,0,0.03482587064676617,0.04975124378109453,0.06538734896943853,0.15778251599147122,0,0,29,0,3,0,0,0,7.107320540156361e-4,0.378820184790334,0,0,0,0.01279317697228145,0.02203269367448472,0,0.012082444918265814,0,0,27,2,6,7,0,0,0.014214641080312722,0.18976545842217485,0.004975124378109453,0,0,0.006396588486140725,0.02771855010660981,0.037668798862828715,0.1457000710732054,0,0.029850746268656716,0.8592750533049041,0.04975124378109453,0,0.4129353233830846,0.02203269367448472,0.004975124378109453,0.40085287846481876,0.02771855010660981,-2,7,0,-0.012082444918265822,0.004975124378109453,3.9,2.5,2,1379,6,17,14,0,32,11,38,4,0,0,0,0,0.0340826686004351,0.5946337926033357,0.06671501087744743,0,0.02610587382160986,0.0826686004350979,0.12690355329949238,0.06526468455402465,0.0036258158085569255,0,0,22,0,13,1,0,0,0.00870195794053662,0.3205221174764322,0,0,0.02610587382160986,0.03843364757070341,0.013778100072516316,0.023930384336475707,0.0036258158085569255,0,0,10,11,12,3,0,0,0.025380710659898477,0.27411167512690354,0.06671501087744743,0,0,0.015228426395939087,0.04278462654097172,0.010877447425670777,0,0,0.09282088469905729,0.7904278462654097,0.15300942712110224,0.02610587382160986,0.36185641769398114,0.03988397389412618,0.06671501087744743,0.32777374909354606,0.04278462654097172,-12,2,0,-0.03408266860043507,0.04060913705583756,3.9,2,5,-9,0,-25,7,-3,0,0,0,-0.04196566117923796,0.008279848040435911,0.036864264608790706,-7,1,9,-4,0,0.011166069579585755,0.0843462167047287,0.06297013843040057,-0.06884720703949432,0.10325818334000772,-0.05107890568910345,0.061739886499337975,-0.0730791293712727,0.015066076434361909,yes
round4maleyellow,NA,NA,NA,NA,NA,NA,NA,NA,NA,NA,NA,NA,NA,NA,NA,NA,NA,NA,NA,NA,NA,NA,NA,NA,NA,NA,NA,NA,NA,NA,NA,NA,NA,NA,NA,NA,NA,NA,NA,NA,NA,NA,NA,NA,NA,NA,NA,NA,NA,NA,NA,NA,NA,NA,NA,NA,NA,NA,NA,NA,NA,NA,NA,NA,NA,NA,NA,NA,NA,NA,NA,NA,NA,NA,4.7,0.3,1,4380,10,37,0,0,30,0,48,0,0,0,0,0,0.8353881278538813,0.0593607305936073,0.005936073059360731,0,0.020776255707762557,0.004794520547945206,0.036986301369863014,0.03287671232876712,0.0013698630136986301,0.002511415525114155,0,29,0,40,0,0,0,0.01141552511415525,0.05684931506849315,0.005936073059360731,0,0.0015981735159817352,0,0.02945205479452055,0.027853881278538814,0.0013698630136986301,0.002511415525114155,0,0,0,0,0,0,0,0,0,0,0,0,0,0,0,0,0,0.029223744292237442,0.13059360730593608,0.05776255707762557,0.01004566210045662,0.11552511415525114,0.031050228310502283,0,0,0,-29,0,0,-0.11552511415525114,-0.01004566210045662,4.7,1,NA,NA,NA,NA,NA,NA,NA,NA,NA,NA,NA,NA,NA,NA,NA,NA,NA,NA,NA,NA,NA,NA,NA,NA,NA,NA,no
round5malepink,NA,NA,NA,NA,NA,NA,NA,NA,NA,NA,NA,NA,NA,NA,NA,NA,NA,NA,NA,NA,NA,NA,NA,NA,NA,NA,NA,NA,NA,NA,NA,NA,NA,NA,NA,NA,NA,NA,NA,NA,NA,NA,NA,NA,NA,NA,NA,NA,NA,NA,NA,NA,NA,NA,NA,NA,NA,NA,NA,NA,NA,NA,NA,NA,NA,NA,NA,NA,NA,NA,NA,NA,NA,NA,3.3,2,4,1387,3,10,4,0,4,0,0,0,0,0,0,0,0.859408795962509,0.13121845710165825,0.0021629416005767843,0,0,0,0,0.0021629416005767843,0,0.005046863734679163,0,1,0,0,0,0,0,0.3850036049026676,0.04253785147801009,0,0,0,0,0,0,0,0.005046863734679163,0,1,0,0,0,0,0,0.3482335976928623,0.0821917808219178,0.0021629416005767843,0,0,0,0,0,0,0,0.007209805335255948,0.13338139870223503,0,0.005046863734679163,0.04253785147801009,0,0.0021629416005767843,0.0821917808219178,0,0,0,0,0.03965392934390771,-0.002883922134102379,3.3,4,NA,NA,NA,NA,NA,NA,NA,NA,NA,NA,NA,NA,NA,NA,NA,NA,NA,NA,NA,NA,NA,NA,NA,NA,NA,NA,no
round5malewhite,NA,NA,NA,NA,NA,NA,NA,NA,NA,NA,NA,NA,NA,NA,NA,NA,NA,NA,NA,NA,NA,NA,NA,NA,NA,NA,NA,NA,NA,NA,NA,NA,NA,NA,NA,NA,NA,NA,NA,NA,NA,NA,NA,NA,NA,NA,NA,NA,NA,NA,NA,NA,NA,NA,NA,NA,NA,NA,NA,NA,NA,NA,NA,NA,NA,NA,NA,NA,NA,NA,NA,NA,NA,NA,5.2,0.1,3,1466,1,22,21,0,20,3,0,0,0,0,0,0,0.5586630286493861,0.24488403819918145,0.019781718963165076,0,0.002728512960436562,0.020463847203274217,0.11596180081855388,0,0.0286493860845839,0.008867667121418827,0,17,3,0,0,0,0,0.2291950886766712,0.13028649386084584,0.019781718963165076,0,0.002728512960436562,0.0068212824010914054,0.0047748976807639835,0,0.0068212824010914054,0.008867667121418827,0,3,0,0,0,0,0,0.1480218281036835,0.1145975443383356,0,0,0,0.013642564802182811,0.11118690313778991,0,0.021828103683492497,0,0.03137789904502047,0.3894952251023192,0.11869031377899045,0.03137789904502047,0.14188267394270124,0.007503410641200546,0,0.247612551159618,0.11118690313778991,-14,0,0,0.10572987721691676,-0.03137789904502047,5.2,3,NA,NA,NA,NA,NA,NA,NA,NA,NA,NA,NA,NA,NA,NA,NA,NA,NA,NA,NA,NA,NA,NA,NA,NA,NA,NA,no
round7malewhite,NA,NA,NA,NA,NA,NA,NA,NA,NA,NA,NA,NA,NA,NA,NA,NA,NA,NA,NA,NA,NA,NA,NA,NA,NA,NA,NA,NA,NA,NA,NA,NA,NA,NA,NA,NA,NA,NA,NA,NA,NA,NA,NA,NA,NA,NA,NA,NA,NA,NA,NA,NA,NA,NA,NA,NA,NA,NA,NA,NA,NA,NA,NA,NA,NA,NA,NA,NA,NA,NA,NA,NA,NA,NA,4.6,1.8,2,1391,12,28,34,0,29,27,12,0,0,0,0,0,0.06542056074766354,0.3235082674335011,0.1250898634076204,0.015815959741193385,0.07907979870596693,0.09489575844716032,0.10783608914450037,0.08051761322789361,0.06973400431344356,0.038102084831056794,0,21,24,1,0,0,0,0.017253774263120056,0.19482386772106397,0.0625449317038102,0,0.019410496046010063,0.03163191948238677,0.0503235082674335,0.03163191948238677,0.024442846872753415,0,0,8,3,9,0,0,0,0.03378864126527678,0.098490294751977,0.02372393961179008,0,0.05966930265995687,0.05966930265995687,0.03306973400431344,0.038820992092020126,0.04529115744069015,0.038102084831056794,0.2580877066858375,0.5815959741193386,0.18691588785046728,0.08195542774982027,0.30122214234363764,0.06973400431344356,0.12149532710280374,0.21567217828900073,0.0927390366642703,-13,0,0,-0.08554996405463691,0.039539899352983465,4.6,2,NA,NA,NA,NA,NA,NA,NA,NA,NA,NA,NA,NA,NA,NA,NA,NA,NA,NA,NA,NA,NA,NA,NA,NA,NA,NA,no
